id,id_andinist,id_ascent,Nombre Ref 1,Link Ref 1,Nombre Ref 2,Link Ref 2,Nombre Ref 3,Link Ref 3,Nombre Ref 4,Link Ref 4,Nombre Ref 5,Link Ref 5,Nombre Ref 6,Link Ref 6,Nombre Ref 7,Link Ref 7
1,18,1,,,,,,,,,,,,,,
2,19,1,,,,,,,,,,,,,,
3,27,2,,,,,,,,,,,,,,
4,28,2,,,,,,,,,,,,,,
5,28,3,,,,,,,,,,,,,,
6,30,4,,,,,,,,,,,,,,
7,31,4,,,,,,,,,,,,,,
8,37,6,,,,,,,,,,,,,,
9,37,7,,,,,,,,,,,,,,
10,37,8,,,,,,,,,,,,,,
11,37,9,,,,,,,,,,,,,,
12,37,10,,,,,,,,,,,,,,
13,38,7,,,,,,,,,,,,,,
14,39,5,,,,,,,,,,,,,,
15,39,15,,,,,,,,,,,,,,
16,40,5,,,,,,,,,,,,,,
17,41,5,,,,,,,,,,,,,,
18,42,5,,,,,,,,,,,,,,
19,43,5,,,,,,,,,,,,,,
20,44,5,,,,,,,,,,,,,,
21,45,5,,,,,,,,,,,,,,
22,50,7,,,,,,,,,,,,,,
23,50,8,,,,,,,,,,,,,,
24,50,9,,,,,,,,,,,,,,
25,51,10,,,,,,,,,,,,,,
26,52,11,,,,,,,,,,,,,,
27,53,11,,,,,,,,,,,,,,
28,54,12,,,,,,,,,,,,,,
29,55,12,,,,,,,,,,,,,,
30,56,12,,,,,,,,,,,,,,
31,54,13,,,,,,,,,,,,,,
32,55,13,,,,,,,,,,,,,,
33,56,13,,,,,,,,,,,,,,
34,68,14,,,,,,,,,,,,,,
35,71,16,,,,,,,,,,,,,,
36,72,16,,,,,,,,,,,,,,
37,73,16,,,,,,,,,,,,,,
38,78,17,,,,,,,,,,,,,,
39,79,9,,,,,,,,,,,,,,
40,79,17,,,,,,,,,,,,,,
41,82,18,,,,,,,,,,,,,,
42,82,19,,,,,,,,,,,,,,
43,82,22,,,,,,,,,,,,,,
44,83,18,,,,,,,,,,,,,,
45,83,54,,,,,,,,,,,,,,
46,84,18,,,,,,,,,,,,,,
47,84,27,,,,,,,,,,,,,,
48,84,34,,,,,,,,,,,,,,
49,84,35,,,,,,,,,,,,,,
50,84,43,,,,,,,,,,,,,,
51,87,19,,,,,,,,,,,,,,
52,87,24,,,,,,,,,,,,,,
53,87,27,,,,,,,,,,,,,,
54,87,34,,,,,,,,,,,,,,
55,87,35,,,,,,,,,,,,,,
56,87,115,,,,,,,,,,,,,,
57,87,120,,,,,,,,,,,,,,
58,88,19,,,,,,,,,,,,,,
59,89,19,,,,,,,,,,,,,,
60,90,20,,,,,,,,,,,,,,
61,91,20,,,,,,,,,,,,,,
62,93,21,,,,,,,,,,,,,,
63,94,22,,,,,,,,,,,,,,
64,95,22,,,,,,,,,,,,,,
65,96,22,,,,,,,,,,,,,,
66,97,23,,,,,,,,,,,,,,
67,97,25,,,,,,,,,,,,,,
68,98,23,,,,,,,,,,,,,,
69,98,25,,,,,,,,,,,,,,
70,99,23,,,,,,,,,,,,,,
71,99,25,,,,,,,,,,,,,,
72,100,23,,,,,,,,,,,,,,
73,100,25,,,,,,,,,,,,,,
74,101,24,,,,,,,,,,,,,,
75,102,26,,,,,,,,,,,,,,
76,103,26,,,,,,,,,,,,,,
77,104,28,,,,,,,,,,,,,,
78,105,28,,,,,,,,,,,,,,
79,106,29,,,,,,,,,,,,,,
80,106,30,,,,,,,,,,,,,,
81,106,31,,,,,,,,,,,,,,
82,106,38,,,,,,,,,,,,,,
83,106,40,,,,,,,,,,,,,,
84,107,29,,,,,,,,,,,,,,
85,107,30,,,,,,,,,,,,,,
86,107,31,,,,,,,,,,,,,,
87,110,32,,,,,,,,,,,,,,
88,110,33,,,,,,,,,,,,,,
89,111,48,,,,,,,,,,,,,,
90,112,32,,,,,,,,,,,,,,
91,112,33,,,,,,,,,,,,,,
92,113,34,,,,,,,,,,,,,,
93,129,35,,,,,,,,,,,,,,
94,129,43,,,,,,,,,,,,,,
95,130,36,,,,,,,,,,,,,,
96,130,37,,,,,,,,,,,,,,
97,130,44,,,,,,,,,,,,,,
98,131,36,,,,,,,,,,,,,,
99,131,37,,,,,,,,,,,,,,
100,131,41,,,,,,,,,,,,,,
101,131,44,,,,,,,,,,,,,,
102,131,51,,,,,,,,,,,,,,
103,131,59,,,,,,,,,,,,,,
104,132,36,,,,,,,,,,,,,,
105,132,37,,,,,,,,,,,,,,
106,132,41,,,,,,,,,,,,,,
107,132,51,,,,,,,,,,,,,,
108,133,38,,,,,,,,,,,,,,
109,133,40,,,,,,,,,,,,,,
110,133,47,,,,,,,,,,,,,,
111,133,55,,,,,,,,,,,,,,
112,134,39,,,,,,,,,,,,,,
113,135,39,,,,,,,,,,,,,,
114,135,122,,,,,,,,,,,,,,
115,135,137,,,,,,,,,,,,,,
116,135,168,,,,,,,,,,,,,,
117,140,42,,,,,,,,,,,,,,
118,141,42,,,,,,,,,,,,,,
119,145,43,,,,,,,,,,,,,,
120,154,44,,,,,,,,,,,,,,
121,154,52,,,,,,,,,,,,,,
122,154,59,,,,,,,,,,,,,,
123,154,74,,,,,,,,,,,,,,
124,155,44,,,,,,,,,,,,,,
125,156,45,,,,,,,,,,,,,,
126,156,50,,,,,,,,,,,,,,
127,156,115,,,,,,,,,,,,,,
128,156,120,,,,,,,,,,,,,,
129,157,45,,,,,,,,,,,,,,
130,157,50,,,,,,,,,,,,,,
131,157,115,,,,,,,,,,,,,,
132,157,120,,,,,,,,,,,,,,
133,158,46,,,,,,,,,,,,,,
134,161,48,,,,,,,,,,,,,,
135,162,49,,,,,,,,,,,,,,
136,163,49,,,,,,,,,,,,,,
137,163,64,,,,,,,,,,,,,,
138,163,67,,,,,,,,,,,,,,
139,163,79,,,,,,,,,,,,,,
140,163,92,,,,,,,,,,,,,,
141,163,93,,,,,,,,,,,,,,
142,163,96,,,,,,,,,,,,,,
143,164,49,,,,,,,,,,,,,,
144,165,49,,,,,,,,,,,,,,
145,166,49,,,,,,,,,,,,,,
146,167,49,,,,,,,,,,,,,,
147,168,50,,,,,,,,,,,,,,
148,168,52,,,,,,,,,,,,,,
149,168,53,,,,,,,,,,,,,,
150,168,63,,,,,,,,,,,,,,
151,168,65,,,,,,,,,,,,,,
152,168,66,,,,,,,,,,,,,,
153,168,81,,,,,,,,,,,,,,
154,168,90,,,,,,,,,,,,,,
155,168,91,,,,,,,,,,,,,,
156,168,94,,,,,,,,,,,,,,
157,168,98,,,,,,,,,,,,,,
158,172,52,,,,,,,,,,,,,,
159,172,63,,,,,,,,,,,,,,
160,172,65,,,,,,,,,,,,,,
161,172,66,,,,,,,,,,,,,,
162,173,52,,,,,,,,,,,,,,
163,174,53,,,,,,,,,,,,,,
164,175,53,,,,,,,,,,,,,,
165,175,65,,,,,,,,,,,,,,
166,175,66,,,,,,,,,,,,,,
167,176,54,,,,,,,,,,,,,,
168,176,69,,,,,,,,,,,,,,
169,176,78,,,,,,,,,,,,,,
170,176,86,,,,,,,,,,,,,,
171,176,99,,,,,,,,,,,,,,
172,176,100,,,,,,,,,,,,,,
173,176,101,,,,,,,,,,,,,,
174,176,109,,,,,,,,,,,,,,
175,176,116,,,,,,,,,,,,,,
176,176,117,,,,,,,,,,,,,,
177,176,118,,,,,,,,,,,,,,
178,176,124,,,,,,,,,,,,,,
179,176,126,,,,,,,,,,,,,,
180,176,127,,,,,,,,,,,,,,
181,176,145,,,,,,,,,,,,,,
182,176,169,,,,,,,,,,,,,,
183,176,182,,,,,,,,,,,,,,
184,176,184,,,,,,,,,,,,,,
185,176,219,,,,,,,,,,,,,,
186,176,225,,,,,,,,,,,,,,
187,176,227,,,,,,,,,,,,,,
188,176,235,,,,,,,,,,,,,,
189,176,237,,,,,,,,,,,,,,
190,176,251,,,,,,,,,,,,,,
191,177,54,,,,,,,,,,,,,,
192,178,55,,,,,,,,,,,,,,
193,179,56,,,,,,,,,,,,,,
194,180,56,,,,,,,,,,,,,,
195,180,86,,,,,,,,,,,,,,
196,181,56,,,,,,,,,,,,,,
197,181,86,,,,,,,,,,,,,,
198,182,57,,,,,,,,,,,,,,
199,183,57,,,,,,,,,,,,,,
200,183,62,,,,,,,,,,,,,,
201,184,58,,,,,,,,,,,,,,
202,185,58,,,,,,,,,,,,,,
203,185,82,,,,,,,,,,,,,,
204,186,60,,,,,,,,,,,,,,
205,186,68,,,,,,,,,,,,,,
206,186,71,,,,,,,,,,,,,,
207,186,75,,,,,,,,,,,,,,
208,186,106,,,,,,,,,,,,,,
209,186,125,,,,,,,,,,,,,,
210,186,128,,,,,,,,,,,,,,
211,186,130,,,,,,,,,,,,,,
212,186,141,,,,,,,,,,,,,,
213,186,142,,,,,,,,,,,,,,
214,186,143,,,,,,,,,,,,,,
215,187,60,,,,,,,,,,,,,,
216,187,68,,,,,,,,,,,,,,
217,187,69,,,,,,,,,,,,,,
218,187,71,,,,,,,,,,,,,,
219,187,75,,,,,,,,,,,,,,
220,187,83,,,,,,,,,,,,,,
221,187,84,,,,,,,,,,,,,,
222,187,102,,,,,,,,,,,,,,
223,187,109,,,,,,,,,,,,,,
224,187,124,,,,,,,,,,,,,,
225,187,126,,,,,,,,,,,,,,
226,187,127,,,,,,,,,,,,,,
227,187,145,,,,,,,,,,,,,,
228,187,161,,,,,,,,,,,,,,
229,188,60,,,,,,,,,,,,,,
230,189,104,,,,,,,,,,,,,,
231,191,70,,,,,,,,,,,,,,
232,191,72,,,,,,,,,,,,,,
233,191,76,,,,,,,,,,,,,,
234,191,161,,,,,,,,,,,,,,
235,192,61,,,,,,,,,,,,,,
236,193,62,,,,,,,,,,,,,,
237,194,64,,,,,,,,,,,,,,
238,194,67,,,,,,,,,,,,,,
239,194,68,,,,,,,,,,,,,,
240,194,69,,,,,,,,,,,,,,
241,194,71,,,,,,,,,,,,,,
242,194,72,,,,,,,,,,,,,,
243,194,75,,,,,,,,,,,,,,
244,194,79,,,,,,,,,,,,,,
245,194,83,,,,,,,,,,,,,,
246,194,84,,,,,,,,,,,,,,
247,194,99,,,,,,,,,,,,,,
248,194,100,,,,,,,,,,,,,,
249,194,101,,,,,,,,,,,,,,
250,194,109,,,,,,,,,,,,,,
251,194,116,,,,,,,,,,,,,,
252,194,117,,,,,,,,,,,,,,
253,194,118,,,,,,,,,,,,,,
254,194,124,,,,,,,,,,,,,,
255,194,126,,,,,,,,,,,,,,
256,194,127,,,,,,,,,,,,,,
257,194,145,,,,,,,,,,,,,,
258,194,166,,,,,,,,,,,,,,
259,194,167,,,,,,,,,,,,,,
260,194,169,,,,,,,,,,,,,,
261,194,175,,,,,,,,,,,,,,
262,194,177,,,,,,,,,,,,,,
263,194,182,,,,,,,,,,,,,,
264,195,68,,,,,,,,,,,,,,
265,195,72,,,,,,,,,,,,,,
266,195,82,,,,,,,,,,,,,,
267,195,92,,,,,,,,,,,,,,
268,195,93,,,,,,,,,,,,,,
269,196,69,,,,,,,,,,,,,,
270,196,70,,,,,,,,,,,,,,
271,196,104,,,,,,,,,,,,,,
272,199,70,,,,,,,,,,,,,,
273,204,73,,,,,,,,,,,,,,
274,204,81,,,,,,,,,,,,,,
275,205,73,,,,,,,,,,,,,,
276,205,81,,,,,,,,,,,,,,
277,205,90,,,,,,,,,,,,,,
278,205,91,,,,,,,,,,,,,,
279,205,94,,,,,,,,,,,,,,
280,205,98,,,,,,,,,,,,,,
281,205,110,,,,,,,,,,,,,,
282,209,74,,,,,,,,,,,,,,
283,210,76,,,,,,,,,,,,,,
284,210,78,,,,,,,,,,,,,,
285,211,76,,,,,,,,,,,,,,
286,216,77,,,,,,,,,,,,,,
287,217,77,,,,,,,,,,,,,,
288,218,77,,,,,,,,,,,,,,
289,219,78,,,,,,,,,,,,,,
290,219,96,,,,,,,,,,,,,,
291,219,99,,,,,,,,,,,,,,
292,219,100,,,,,,,,,,,,,,
293,219,101,,,,,,,,,,,,,,
294,219,117,,,,,,,,,,,,,,
295,219,118,,,,,,,,,,,,,,
296,219,124,,,,,,,,,,,,,,
297,219,126,,,,,,,,,,,,,,
298,219,127,,,,,,,,,,,,,,
299,219,166,,,,,,,,,,,,,,
300,220,80,,,,,,,,,,,,,,
301,221,80,,,,,,,,,,,,,,
302,221,95,,,,,,,,,,,,,,
303,221,97,,,,,,,,,,,,,,
304,221,159,,,,,,,,,,,,,,
305,221,160,,,,,,,,,,,,,,
306,225,82,,,,,,,,,,,,,,
307,225,148,,,,,,,,,,,,,,
308,226,83,,,,,,,,,,,,,,
309,229,85,,,,,,,,,,,,,,
310,230,85,,,,,,,,,,,,,,
311,231,87,,,,,,,,,,,,,,
312,233,88,,,,,,,,,,,,,,
313,233,136,,,,,,,,,,,,,,
314,233,140,,,,,,,,,,,,,,
315,233,147,,,,,,,,,,,,,,
316,233,149,,,,,,,,,,,,,,
317,233,150,,,,,,,,,,,,,,
318,233,161,,,,,,,,,,,,,,
319,233,237,,,,,,,,,,,,,,
320,233,301,,,,,,,,,,,,,,
321,233,314,,,,,,,,,,,,,,
322,234,88,,,,,,,,,,,,,,
323,235,88,,,,,,,,,,,,,,
324,236,89,,,,,,,,,,,,,,
325,237,89,,,,,,,,,,,,,,
326,237,110,,,,,,,,,,,,,,
327,238,89,,,,,,,,,,,,,,
328,238,98,,,,,,,,,,,,,,
329,238,110,,,,,,,,,,,,,,
330,241,94,,,,,,,,,,,,,,
331,242,95,,,,,,,,,,,,,,
332,242,97,,,,,,,,,,,,,,
333,243,103,,,,,,,,,,,,,,
334,243,107,,,,,,,,,,,,,,
335,243,114,,,,,,,,,,,,,,
336,244,103,,,,,,,,,,,,,,
337,244,107,,,,,,,,,,,,,,
338,244,108,,,,,,,,,,,,,,
339,245,103,,,,,,,,,,,,,,
340,245,129,,,,,,,,,,,,,,
341,246,104,,,,,,,,,,,,,,
342,246,163,,,,,,,,,,,,,,
343,247,105,,,,,,,,,,,,,,
344,248,106,,,,,,,,,,,,,,
345,248,125,,,,,,,,,,,,,,
346,248,128,,,,,,,,,,,,,,
347,248,130,,,,,,,,,,,,,,
348,248,141,,,,,,,,,,,,,,
349,248,142,,,,,,,,,,,,,,
350,248,143,,,,,,,,,,,,,,
351,251,107,,,,,,,,,,,,,,
352,251,108,,,,,,,,,,,,,,
353,251,114,,,,,,,,,,,,,,
354,251,129,,,,,,,,,,,,,,
355,251,148,,,,,,,,,,,,,,
356,251,185,,,,,,,,,,,,,,
357,251,200,,,,,,,,,,,,,,
358,251,311,,,,,,,,,,,,,,
359,252,111,,,,,,,,,,,,,,
360,252,121,,,,,,,,,,,,,,
361,252,136,,,,,,,,,,,,,,
362,252,144,,,,,,,,,,,,,,
363,252,147,,,,,,,,,,,,,,
364,252,149,,,,,,,,,,,,,,
365,252,150,,,,,,,,,,,,,,
366,252,165,,,,,,,,,,,,,,
367,252,170,,,,,,,,,,,,,,
368,252,187,,,,,,,,,,,,,,
369,252,188,,,,,,,,,,,,,,
370,252,210,,,,,,,,,,,,,,
371,253,111,,,,,,,,,,,,,,
372,253,136,,,,,,,,,,,,,,
373,253,140,,,,,,,,,,,,,,
374,253,144,,,,,,,,,,,,,,
375,253,147,,,,,,,,,,,,,,
376,253,149,,,,,,,,,,,,,,
377,253,150,,,,,,,,,,,,,,
378,253,158,,,,,,,,,,,,,,
379,253,165,,,,,,,,,,,,,,
380,253,170,,,,,,,,,,,,,,
381,253,210,,,,,,,,,,,,,,
382,254,111,,,,,,,,,,,,,,
383,254,181,,,,,,,,,,,,,,
384,254,199,,,,,,,,,,,,,,
385,254,231,,,,,,,,,,,,,,
386,255,112,,,,,,,,,,,,,,
387,255,123,,,,,,,,,,,,,,
388,255,132,,,,,,,,,,,,,,
389,256,112,,,,,,,,,,,,,,
390,257,125,,,,,,,,,,,,,,
391,257,128,,,,,,,,,,,,,,
392,258,113,,,,,,,,,,,,,,
393,259,115,,,,,,,,,,,,,,
394,260,115,,,,,,,,,,,,,,
395,261,116,,,,,,,,,,,,,,
396,264,131,,,,,,,,,,,,,,
397,264,151,,,,,,,,,,,,,,
398,264,272,,,,,,,,,,,,,,
399,265,131,,,,,,,,,,,,,,
400,265,139,,,,,,,,,,,,,,
401,265,204,,,,,,,,,,,,,,
402,266,119,,,,,,,,,,,,,,
403,266,133,,,,,,,,,,,,,,
404,266,162,,,,,,,,,,,,,,
405,267,119,,,,,,,,,,,,,,
406,267,173,,,,,,,,,,,,,,
407,268,121,,,,,,,,,,,,,,
408,268,144,,,,,,,,,,,,,,
409,269,122,,,,,,,,,,,,,,
410,269,137,,,,,,,,,,,,,,
411,270,123,,,,,,,,,,,,,,
412,270,132,,,,,,,,,,,,,,
413,271,129,,,,,,,,,,,,,,
414,271,148,,,,,,,,,,,,,,
415,271,185,,,,,,,,,,,,,,
416,272,129,,,,,,,,,,,,,,
417,274,131,,,,,,,,,,,,,,
418,274,139,,,,,,,,,,,,,,
419,274,204,,,,,,,,,,,,,,
420,275,133,,,,,,,,,,,,,,
421,276,135,,,,,,,,,,,,,,
422,277,135,,,,,,,,,,,,,,
423,278,134,,,,,,,,,,,,,,
424,279,134,,,,,,,,,,,,,,
425,280,134,,,,,,,,,,,,,,
426,280,138,,,,,,,,,,,,,,
427,280,259,,,,,,,,,,,,,,
428,281,134,,,,,,,,,,,,,,
429,281,259,,,,,,,,,,,,,,
430,282,135,,,,,,,,,,,,,,
431,283,138,,,,,,,,,,,,,,
432,284,138,,,,,,,,,,,,,,
433,285,139,,,,,,,,,,,,,,
434,285,180,,,,,,,,,,,,,,
435,285,204,,,,,,,,,,,,,,
436,286,140,,,,,,,,,,,,,,
437,287,140,,,,,,,,,,,,,,
438,287,147,,,,,,,,,,,,,,
439,287,149,,,,,,,,,,,,,,
440,287,150,,,,,,,,,,,,,,
441,288,142,,,,,,,,,,,,,,
442,288,143,,,,,,,,,,,,,,
443,290,146,,,,,,,,,,,,,,
444,290,200,,,,,,,,,,,,,,
445,291,146,,,,,,,,,,,,,,
446,292,151,,,,,,,,,,,,,,
447,295,153,,,,,,,,,,,,,,
448,296,153,,,,,,,,,,,,,,
449,300,162,,,,,,,,,,,,,,
450,303,214,,,,,,,,,,,,,,
451,303,228,,,,,,,,,,,,,,
452,304,173,,,,,,,,,,,,,,
453,304,183,,,,,,,,,,,,,,
454,307,161,,,,,,,,,,,,,,
455,318,168,,,,,,,,,,,,,,
456,319,182,,,,,,,,,,,,,,
457,319,193,,,,,,,,,,,,,,
458,319,215,,,,,,,,,,,,,,
459,320,164,,,,,,,,,,,,,,
460,320,172,,,,,,,,,,,,,,
461,320,176,,,,,,,,,,,,,,
462,320,178,,,,,,,,,,,,,,
463,320,179,,,,,,,,,,,,,,
464,320,184,,,,,,,,,,,,,,
465,320,219,,,,,,,,,,,,,,
466,320,220,,,,,,,,,,,,,,
467,320,235,,,,,,,,,,,,,,
468,320,249,,,,,,,,,,,,,,
469,321,176,,,,,,,,,,,,,,
470,321,219,,,,,,,,,,,,,,
471,321,220,,,,,,,,,,,,,,
472,321,235,,,,,,,,,,,,,,
473,323,159,,,,,,,,,,,,,,
474,323,160,,,,,,,,,,,,,,
475,324,159,,,,,,,,,,,,,,
476,324,160,,,,,,,,,,,,,,
477,325,162,,,,,,,,,,,,,,
478,326,163,,,,,,,,,,,,,,
479,327,164,,,,,,,,,,,,,,
480,328,164,,,,,,,,,,,,,,
481,329,164,,,,,,,,,,,,,,
482,330,166,,,,,,,,,,,,,,
483,330,167,,,,,,,,,,,,,,
484,331,166,,,,,,,,,,,,,,
485,331,167,,,,,,,,,,,,,,
486,331,251,,,,,,,,,,,,,,
487,332,168,,,,,,,,,,,,,,
488,332,195,,,,,,,,,,,,,,
489,333,171,,,,,,,,,,,,,,
490,333,223,,,,,,,,,,,,,,
491,333,239,,,,,,,,,,,,,,
492,334,171,,,,,,,,,,,,,,
493,335,172,,,,,,,,,,,,,,
494,336,172,,,,,,,,,,,,,,
495,337,172,,,,,,,,,,,,,,
496,338,172,,,,,,,,,,,,,,
497,341,173,,,,,,,,,,,,,,
498,342,174,,,,,,,,,,,,,,
499,343,174,,,,,,,,,,,,,,
500,345,181,,,,,,,,,,,,,,
501,345,189,,,,,,,,,,,,,,
502,345,207,,,,,,,,,,,,,,
503,345,208,,,,,,,,,,,,,,
504,345,209,,,,,,,,,,,,,,
505,345,252,,,,,,,,,,,,,,
506,346,176,,,,,,,,,,,,,,
507,346,181,,,,,,,,,,,,,,
508,347,177,,,,,,,,,,,,,,
509,347,182,,,,,,,,,,,,,,
510,347,184,,,,,,,,,,,,,,
511,348,178,,,,,,,,,,,,,,
512,348,213,,,,,,,,,,,,,,
513,348,220,,,,,,,,,,,,,,
514,348,224,,,,,,,,,,,,,,
515,348,307,,,,,,,,,,,,,,
516,348,317,,,,,,,,,,,,,,
517,349,180,,,,,,,,,,,,,,
518,350,181,,,,,,,,,,,,,,
519,350,189,,,,,,,,,,,,,,
520,350,198,,,,,,,,,,,,,,
521,350,201,,,,,,,,,,,,,,
522,350,207,,,,,,,,,,,,,,
523,350,208,,,,,,,,,,,,,,
524,350,209,,,,,,,,,,,,,,
525,350,217,,,,,,,,,,,,,,
526,351,182,,,,,,,,,,,,,,
527,351,193,,,,,,,,,,,,,,
528,351,222,,,,,,,,,,,,,,
529,352,183,,,,,,,,,,,,,,
530,354,214,,,,,,,,,,,,,,
531,354,228,,,,,,,,,,,,,,
532,356,199,,,,,,,,,,,,,,
533,357,187,,,,,,,,,,,,,,
534,363,185,,,,,,,,,,,,,,
535,364,186,,,,,,,,,,,,,,
536,365,187,,,,,,,,,,,,,,
537,366,187,,,,,,,,,,,,,,
538,367,188,,,,,,,,,,,,,,
539,368,188,,,,,,,,,,,,,,
540,369,188,,,,,,,,,,,,,,
541,370,211,,,,,,,,,,,,,,
542,370,212,,,,,,,,,,,,,,
543,370,228,,,,,,,,,,,,,,
544,370,253,,,,,,,,,,,,,,
545,370,270,,,,,,,,,,,,,,
546,370,288,,,,,,,,,,,,,,
547,370,289,,,,,,,,,,,,,,
548,371,211,,,,,,,,,,,,,,
549,371,212,,,,,,,,,,,,,,
550,373,190,,,,,,,,,,,,,,
551,374,190,,,,,,,,,,,,,,
552,375,190,,,,,,,,,,,,,,
553,377,257,,,,,,,,,,,,,,
554,381,372,,,,,,,,,,,,,,
555,382,193,,,,,,,,,,,,,,
556,382,196,,,,,,,,,,,,,,
557,382,197,,,,,,,,,,,,,,
558,382,203,,,,,,,,,,,,,,
559,382,205,,,,,,,,,,,,,,
560,382,206,,,,,,,,,,,,,,
561,397,193,,,,,,,,,,,,,,
562,397,194,,,,,,,,,,,,,,
563,397,206,,,,,,,,,,,,,,
564,397,215,,,,,,,,,,,,,,
565,397,218,,,,,,,,,,,,,,
566,398,195,,,,,,,,,,,,,,
567,399,195,,,,,,,,,,,,,,
568,399,214,,,,,,,,,,,,,,
569,399,225,,,,,,,,,,,,,,
570,399,227,,,,,,,,,,,,,,
571,400,195,,,,,,,,,,,,,,
572,401,195,,,,,,,,,,,,,,
573,406,197,,,,,,,,,,,,,,
574,407,197,,,,,,,,,,,,,,
575,408,198,,,,,,,,,,,,,,
576,408,208,,,,,,,,,,,,,,
577,410,201,,,,,,,,,,,,,,
578,410,208,,,,,,,,,,,,,,
579,410,209,,,,,,,,,,,,,,
580,412,202,,,,,,,,,,,,,,
581,413,216,,,,,,,,,,,,,,
582,413,221,,,,,,,,,,,,,,
583,413,232,,,,,,,,,,,,,,
584,413,233,,,,,,,,,,,,,,
585,415,210,,,,,,,,,,,,,,
586,416,211,,,,,,,,,,,,,,
587,417,213,,,,,,,,,,,,,,
588,417,216,,,,,,,,,,,,,,
589,418,215,,,,,,,,,,,,,,
590,419,197,,,,,,,,,,,,,,
591,419,215,,,,,,,,,,,,,,
592,419,218,,,,,,,,,,,,,,
593,420,203,,,,,,,,,,,,,,
594,420,205,,,,,,,,,,,,,,
595,420,206,,,,,,,,,,,,,,
596,420,215,,,,,,,,,,,,,,
597,420,222,,,,,,,,,,,,,,
598,420,236,,,,,,,,,,,,,,
599,420,242,,,,,,,,,,,,,,
600,421,203,,,,,,,,,,,,,,
601,421,205,,,,,,,,,,,,,,
602,421,215,,,,,,,,,,,,,,
603,423,216,,,,,,,,,,,,,,
604,423,221,,,,,,,,,,,,,,
605,423,224,,,,,,,,,,,,,,
606,423,230,,,,,,,,,,,,,,
607,423,232,,,,,,,,,,,,,,
608,423,233,,,,,,,,,,,,,,
609,423,248,,,,,,,,,,,,,,
610,423,260,,,,,,,,,,,,,,
611,429,217,,,,,,,,,,,,,,
612,430,221,,,,,,,,,,,,,,
613,433,223,,,,,,,,,,,,,,
614,433,225,,,,,,,,,,,,,,
615,433,227,,,,,,,,,,,,,,
616,434,224,,,,,,,,,,,,,,
617,434,226,,,,,,,,,,,,,,
618,434,228,,,,,,,,,,,,,,
619,435,198,,,,,,,,,,,,,,
620,435,266,,,,,,,,,,,,,,
621,436,226,,,,,,,,,,,,,,
622,437,226,,,,,,,,,,,,,,
623,442,229,,,,,,,,,,,,,,
624,442,236,,,,,,,,,,,,,,
625,443,236,,,,,,,,,,,,,,
626,443,247,,,,,,,,,,,,,,
627,444,230,,,,,,,,,,,,,,
628,444,231,,,,,,,,,,,,,,
629,445,231,,,,,,,,,,,,,,
630,446,234,,,,,,,,,,,,,,
631,446,240,,,,,,,,,,,,,,
632,447,234,,,,,,,,,,,,,,
633,447,240,,,,,,,,,,,,,,
634,447,258,,,,,,,,,,,,,,
635,448,235,,,,,,,,,,,,,,
636,448,237,,,,,,,,,,,,,,
637,451,238,,,,,,,,,,,,,,
638,452,239,,,,,,,,,,,,,,
639,453,239,,,,,,,,,,,,,,
640,454,239,,,,,,,,,,,,,,
641,455,240,,,,,,,,,,,,,,
642,456,240,,,,,,,,,,,,,,
643,457,241,,,,,,,,,,,,,,
644,458,241,,,,,,,,,,,,,,
645,459,241,,,,,,,,,,,,,,
646,462,244,,,,,,,,,,,,,,
647,463,242,,,,,,,,,,,,,,
648,464,243,,,,,,,,,,,,,,
649,464,266,,,,,,,,,,,,,,
650,464,291,,,,,,,,,,,,,,
651,464,297,,,,,,,,,,,,,,
652,465,244,,,,,,,,,,,,,,
653,466,245,,,,,,,,,,,,,,
654,466,246,,,,,,,,,,,,,,
655,466,255,,,,,,,,,,,,,,
656,467,245,,,,,,,,,,,,,,
657,467,246,,,,,,,,,,,,,,
658,467,255,,,,,,,,,,,,,,
659,468,246,,,,,,,,,,,,,,
660,469,247,,,,,,,,,,,,,,
661,470,247,,,,,,,,,,,,,,
662,471,247,,,,,,,,,,,,,,
663,472,247,,,,,,,,,,,,,,
664,473,248,,,,,,,,,,,,,,
665,474,249,,,,,,,,,,,,,,
666,475,260,,,,,,,,,,,,,,
667,475,263,,,,,,,,,,,,,,
668,475,265,,,,,,,,,,,,,,
669,475,268,,,,,,,,,,,,,,
670,475,271,,,,,,,,,,,,,,
671,475,286,,,,,,,,,,,,,,
672,475,287,,,,,,,,,,,,,,
673,475,290,,,,,,,,,,,,,,
674,475,291,,,,,,,,,,,,,,
675,475,292,,,,,,,,,,,,,,
676,476,250,,,,,,,,,,,,,,
677,476,256,,,,,,,,,,,,,,
678,476,295,,,,,,,,,,,,,,
679,476,317,,,,,,,,,,,,,,
680,477,250,,,,,,,,,,,,,,
681,478,250,,,,,,,,,,,,,,
682,478,328,,,,,,,,,,,,,,
683,478,363,,,,,,,,,,,,,,
684,479,252,,,,,,,,,,,,,,
685,479,260,,,,,,,,,,,,,,
686,479,269,,,,,,,,,,,,,,
687,479,270,,,,,,,,,,,,,,
688,479,275,,,,,,,,,,,,,,
689,479,276,,,,,,,,,,,,,,
690,480,253,,,,,,,,,,,,,,
691,480,273,,,,,,,,,,,,,,
692,480,274,,,,,,,,,,,,,,
693,480,295,,,,,,,,,,,,,,
694,481,253,,,,,,,,,,,,,,
695,482,254,,,,,,,,,,,,,,
696,483,254,,,,,,,,,,,,,,
697,484,255,,,,,,,,,,,,,,
698,484,293,,,,,,,,,,,,,,
699,484,294,,,,,,,,,,,,,,
700,485,255,,,,,,,,,,,,,,
701,485,293,,,,,,,,,,,,,,
702,486,256,,,,,,,,,,,,,,
703,487,256,,,,,,,,,,,,,,
704,488,257,,,,,,,,,,,,,,
705,490,261,,,,,,,,,,,,,,
706,491,258,,,,,,,,,,,,,,
707,492,259,,,,,,,,,,,,,,
708,493,261,,,,,,,,,,,,,,
709,494,261,,,,,,,,,,,,,,
710,495,262,,,,,,,,,,,,,,
711,496,262,,,,,,,,,,,,,,
712,496,265,,,,,,,,,,,,,,
713,497,262,,,,,,,,,,,,,,
714,498,262,,,,,,,,,,,,,,
715,498,282,,,,,,,,,,,,,,
716,498,283,,,,,,,,,,,,,,
717,498,284,,,,,,,,,,,,,,
718,498,285,,,,,,,,,,,,,,
719,498,368,,,,,,,,,,,,,,
720,498,369,,,,,,,,,,,,,,
721,499,264,,,,,,,,,,,,,,
722,500,264,,,,,,,,,,,,,,
723,500,271,,,,,,,,,,,,,,
724,500,273,,,,,,,,,,,,,,
725,500,274,,,,,,,,,,,,,,
726,500,279,,,,,,,,,,,,,,
727,500,280,,,,,,,,,,,,,,
728,500,281,,,,,,,,,,,,,,
729,500,295,,,,,,,,,,,,,,
730,500,297,,,,,,,,,,,,,,
731,500,306,,,,,,,,,,,,,,
732,500,309,,,,,,,,,,,,,,
733,500,317,,,,,,,,,,,,,,
734,500,330,,,,,,,,,,,,,,
735,500,346,,,,,,,,,,,,,,
736,500,358,,,,,,,,,,,,,,
737,503,265,,,,,,,,,,,,,,
738,503,283,,,,,,,,,,,,,,
739,503,284,,,,,,,,,,,,,,
740,503,285,,,,,,,,,,,,,,
741,503,301,,,,,,,,,,,,,,
742,511,266,,,,,,,,,,,,,,
743,514,268,,,,,,,,,,,,,,
744,516,268,,,,,,,,,,,,,,
745,516,283,,,,,,,,,,,,,,
746,518,272,,,,,,,,,,,,,,
747,518,312,,,,,,,,,,,,,,
748,520,277,,,,,,,,,,,,,,
749,521,277,,,,,,,,,,,,,,
750,522,277,,,,,,,,,,,,,,
751,523,278,,,,,,,,,,,,,,
752,524,278,,,,,,,,,,,,,,
753,525,278,,,,,,,,,,,,,,
754,526,283,,,,,,,,,,,,,,
755,526,286,,,,,,,,,,,,,,
756,526,287,,,,,,,,,,,,,,
757,526,300,,,,,,,,,,,,,,
758,526,301,,,,,,,,,,,,,,
759,528,301,,,,,,,,,,,,,,
760,528,305,,,,,,,,,,,,,,
761,529,288,,,,,,,,,,,,,,
762,529,289,,,,,,,,,,,,,,
763,530,289,,,,,,,,,,,,,,
764,531,290,,,,,,,,,,,,,,
765,531,296,,,,,,,,,,,,,,
766,531,305,,,,,,,,,,,,,,
767,531,333,,,,,,,,,,,,,,
768,531,349,,,,,,,,,,,,,,
769,531,361,,,,,,,,,,,,,,
770,532,294,,,,,,,,,,,,,,
771,532,294,,,,,,,,,,,,,,
772,533,293,,,,,,,,,,,,,,
773,534,294,,,,,,,,,,,,,,
774,535,294,,,,,,,,,,,,,,
775,541,296,,,,,,,,,,,,,,
776,541,299,,,,,,,,,,,,,,
777,541,312,,,,,,,,,,,,,,
778,542,312,,,,,,,,,,,,,,
779,544,299,,,,,,,,,,,,,,
780,545,295,,,,,,,,,,,,,,
781,557,297,,,,,,,,,,,,,,
782,568,312,,,,,,,,,,,,,,
783,575,300,,,,,,,,,,,,,,
784,585,300,,,,,,,,,,,,,,
785,586,301,,,,,,,,,,,,,,
786,587,301,,,,,,,,,,,,,,
787,589,302,,,,,,,,,,,,,,
788,589,325,,,,,,,,,,,,,,
789,589,329,,,,,,,,,,,,,,
790,589,331,,,,,,,,,,,,,,
791,589,334,,,,,,,,,,,,,,
792,589,336,,,,,,,,,,,,,,
793,589,338,,,,,,,,,,,,,,
794,589,344,,,,,,,,,,,,,,
795,589,345,,,,,,,,,,,,,,
796,589,347,,,,,,,,,,,,,,
797,589,359,,,,,,,,,,,,,,
798,590,302,,,,,,,,,,,,,,
799,590,308,,,,,,,,,,,,,,
800,590,325,,,,,,,,,,,,,,
801,590,329,,,,,,,,,,,,,,
802,590,331,,,,,,,,,,,,,,
803,590,334,,,,,,,,,,,,,,
804,590,337,,,,,,,,,,,,,,
805,590,344,,,,,,,,,,,,,,
806,605,316,,,,,,,,,,,,,,
807,605,326,,,,,,,,,,,,,,
808,605,333,,,,,,,,,,,,,,
809,605,343,,,,,,,,,,,,,,
810,605,349,,,,,,,,,,,,,,
811,605,360,,,,,,,,,,,,,,
812,608,303,,,,,,,,,,,,,,
813,608,330,,,,,,,,,,,,,,
814,613,315,,,,,,,,,,,,,,
815,614,303,,,,,,,,,,,,,,
816,614,307,,,,,,,,,,,,,,
817,628,304,,,,,,,,,,,,,,
818,629,304,,,,,,,,,,,,,,
819,630,304,,,,,,,,,,,,,,
820,631,304,,,,,,,,,,,,,,
821,632,305,,,,,,,,,,,,,,
822,632,306,,,,,,,,,,,,,,
823,632,307,,,,,,,,,,,,,,
824,632,309,,,,,,,,,,,,,,
825,632,317,,,,,,,,,,,,,,
826,633,306,,,,,,,,,,,,,,
827,638,339,,,,,,,,,,,,,,
828,638,341,,,,,,,,,,,,,,
829,639,310,,,,,,,,,,,,,,
830,639,321,,,,,,,,,,,,,,
831,639,354,,,,,,,,,,,,,,
832,639,355,,,,,,,,,,,,,,
833,639,368,,,,,,,,,,,,,,
834,639,369,,,,,,,,,,,,,,
835,639,370,,,,,,,,,,,,,,
836,640,310,,,,,,,,,,,,,,
837,641,310,,,,,,,,,,,,,,
838,641,368,,,,,,,,,,,,,,
839,641,369,,,,,,,,,,,,,,
840,642,310,,,,,,,,,,,,,,
841,642,321,,,,,,,,,,,,,,
842,642,322,,,,,,,,,,,,,,
843,642,363,,,,,,,,,,,,,,
844,642,368,,,,,,,,,,,,,,
845,642,369,,,,,,,,,,,,,,
846,642,370,,,,,,,,,,,,,,
847,643,310,,,,,,,,,,,,,,
848,644,311,,,,,,,,,,,,,,
849,652,312,,,,,,,,,,,,,,
850,653,313,,,,,,,,,,,,,,
851,654,313,,,,,,,,,,,,,,
852,654,350,,,,,,,,,,,,,,
853,655,313,,,,,,,,,,,,,,
854,656,313,,,,,,,,,,,,,,
855,659,339,,,,,,,,,,,,,,
856,659,340,,,,,,,,,,,,,,
857,661,339,,,,,,,,,,,,,,
858,661,340,,,,,,,,,,,,,,
859,661,401,,,,,,,,,,,,,,
860,662,324,,,,,,,,,,,,,,
861,662,328,,,,,,,,,,,,,,
862,662,339,,,,,,,,,,,,,,
863,662,341,,,,,,,,,,,,,,
864,662,342,,,,,,,,,,,,,,
865,662,348,,,,,,,,,,,,,,
866,662,349,,,,,,,,,,,,,,
867,662,356,,,,,,,,,,,,,,
868,663,363,,,,,,,,,,,,,,
869,663,368,,,,,,,,,,,,,,
870,663,369,,,,,,,,,,,,,,
871,663,370,,,,,,,,,,,,,,
872,665,318,,,,,,,,,,,,,,
873,665,321,,,,,,,,,,,,,,
874,665,322,,,,,,,,,,,,,,
875,665,349,,,,,,,,,,,,,,
876,666,314,,,,,,,,,,,,,,
877,672,327,,,,,,,,,,,,,,
878,672,332,,,,,,,,,,,,,,
879,672,343,,,,,,,,,,,,,,
880,672,350,,,,,,,,,,,,,,
881,672,358,,,,,,,,,,,,,,
882,674,318,,,,,,,,,,,,,,
883,675,319,,,,,,,,,,,,,,
884,675,320,,,,,,,,,,,,,,
885,675,321,,,,,,,,,,,,,,
886,675,368,,,,,,,,,,,,,,
887,675,369,,,,,,,,,,,,,,
888,675,370,,,,,,,,,,,,,,
889,676,319,,,,,,,,,,,,,,
890,676,320,,,,,,,,,,,,,,
891,676,321,,,,,,,,,,,,,,
892,676,431,,,,,,,,,,,,,,
893,677,323,,,,,,,,,,,,,,
894,678,323,,,,,,,,,,,,,,
895,679,326,,,,,,,,,,,,,,
896,680,327,,,,,,,,,,,,,,
897,680,333,,,,,,,,,,,,,,
898,680,358,,,,,,,,,,,,,,
899,681,330,,,,,,,,,,,,,,
900,682,330,,,,,,,,,,,,,,
901,683,330,,,,,,,,,,,,,,
902,684,353,,,,,,,,,,,,,,
903,685,347,,,,,,,,,,,,,,
904,688,332,,,,,,,,,,,,,,
905,689,332,,,,,,,,,,,,,,
906,689,357,,,,,,,,,,,,,,
907,689,358,,,,,,,,,,,,,,
908,690,334,,,,,,,,,,,,,,
909,690,335,,,,,,,,,,,,,,
910,690,336,,,,,,,,,,,,,,
911,690,337,,,,,,,,,,,,,,
912,690,344,,,,,,,,,,,,,,
913,690,345,,,,,,,,,,,,,,
914,691,334,,,,,,,,,,,,,,
915,691,336,,,,,,,,,,,,,,
916,691,337,,,,,,,,,,,,,,
917,691,344,,,,,,,,,,,,,,
918,691,345,,,,,,,,,,,,,,
919,691,373,,,,,,,,,,,,,,
920,691,379,,,,,,,,,,,,,,
921,692,335,,,,,,,,,,,,,,
922,692,350,,,,,,,,,,,,,,
923,692,351,,,,,,,,,,,,,,
924,692,359,,,,,,,,,,,,,,
925,693,338,,,,,,,,,,,,,,
926,694,339,,,,,,,,,,,,,,
927,694,356,,,,,,,,,,,,,,
928,695,339,,,,,,,,,,,,,,
929,695,341,,,,,,,,,,,,,,
930,695,348,,,,,,,,,,,,,,
931,696,339,,,,,,,,,,,,,,
932,696,340,,,,,,,,,,,,,,
933,697,356,,,,,,,,,,,,,,
934,698,346,,,,,,,,,,,,,,
935,700,353,,,,,,,,,,,,,,
936,700,357,,,,,,,,,,,,,,
937,701,353,,,,,,,,,,,,,,
938,703,352,,,,,,,,,,,,,,
939,703,368,,,,,,,,,,,,,,
940,703,369,,,,,,,,,,,,,,
941,710,349,,,,,,,,,,,,,,
942,711,349,,,,,,,,,,,,,,
943,712,349,,,,,,,,,,,,,,
944,713,349,,,,,,,,,,,,,,
945,714,349,,,,,,,,,,,,,,
946,715,350,,,,,,,,,,,,,,
947,716,351,,,,,,,,,,,,,,
948,719,351,,,,,,,,,,,,,,
949,721,351,,,,,,,,,,,,,,
950,722,352,,,,,,,,,,,,,,
951,723,352,,,,,,,,,,,,,,
952,724,352,,,,,,,,,,,,,,
953,725,352,,,,,,,,,,,,,,
954,726,352,,,,,,,,,,,,,,
955,727,352,,,,,,,,,,,,,,
956,728,354,,,,,,,,,,,,,,
957,728,355,,,,,,,,,,,,,,
958,745,359,,,,,,,,,,,,,,
959,746,359,,,,,,,,,,,,,,
960,754,363,,,,,,,,,,,,,,
961,755,368,,,,,,,,,,,,,,
962,755,369,,,,,,,,,,,,,,
963,756,363,,,,,,,,,,,,,,
964,756,368,,,,,,,,,,,,,,
965,756,369,,,,,,,,,,,,,,
966,756,370,,,,,,,,,,,,,,
967,761,360,,,,,,,,,,,,,,
968,765,361,,,,,,,,,,,,,,
969,766,361,,,,,,,,,,,,,,
970,767,361,,,,,,,,,,,,,,
971,768,361,,,,,,,,,,,,,,
972,769,362,,,,,,,,,,,,,,
973,770,362,,,,,,,,,,,,,,
974,771,364,,,,,,,,,,,,,,
975,771,365,,,,,,,,,,,,,,
976,771,366,,,,,,,,,,,,,,
977,771,367,,,,,,,,,,,,,,
978,771,371,,,,,,,,,,,,,,
979,772,364,,,,,,,,,,,,,,
980,772,365,,,,,,,,,,,,,,
981,772,366,,,,,,,,,,,,,,
982,772,367,,,,,,,,,,,,,,
983,772,373,,,,,,,,,,,,,,
984,773,364,,,,,,,,,,,,,,
985,773,365,,,,,,,,,,,,,,
986,773,366,,,,,,,,,,,,,,
987,773,372,,,,,,,,,,,,,,
988,773,375,,,,,,,,,,,,,,
989,773,377,,,,,,,,,,,,,,
990,773,378,,,,,,,,,,,,,,
991,773,418,,,,,,,,,,,,,,
992,819,374,,,,,,,,,,,,,,
993,820,372,,,,,,,,,,,,,,
994,821,374,,,,,,,,,,,,,,
995,822,374,,,,,,,,,,,,,,
996,823,374,,,,,,,,,,,,,,
997,824,381,,,,,,,,,,,,,,
998,825,381,,,,,,,,,,,,,,
999,826,375,,,,,,,,,,,,,,
1000,826,377,,,,,,,,,,,,,,
1001,826,380,,,,,,,,,,,,,,
1002,827,376,,,,,,,,,,,,,,
1003,827,402,,,,,,,,,,,,,,
1004,828,376,,,,,,,,,,,,,,
1005,829,378,,,,,,,,,,,,,,
1006,829,432,,,,,,,,,,,,,,
1007,829,433,,,,,,,,,,,,,,
1008,829,434,,,,,,,,,,,,,,
1009,834,382,,,,,,,,,,,,,,
1010,835,382,,,,,,,,,,,,,,
1011,839,385,,,,,,,,,,,,,,
1012,846,386,,,,,,,,,,,,,,
1013,850,383,,,,,,,,,,,,,,
1014,851,383,,,,,,,,,,,,,,
1015,852,383,,,,,,,,,,,,,,
1016,852,401,,,,,,,,,,,,,,
1017,867,384,,,,,,,,,,,,,,
1018,868,384,,,,,,,,,,,,,,
1019,876,385,,,,,,,,,,,,,,
1020,879,386,,,,,,,,,,,,,,
1021,880,386,,,,,,,,,,,,,,
1022,881,386,,,,,,,,,,,,,,
1023,882,387,,,,,,,,,,,,,,
1024,882,403,,,,,,,,,,,,,,
1025,883,387,,,,,,,,,,,,,,
1026,883,403,,,,,,,,,,,,,,
1027,884,388,,,,,,,,,,,,,,
1028,884,395,,,,,,,,,,,,,,
1029,884,416,,,,,,,,,,,,,,
1030,885,389,,,,,,,,,,,,,,
1031,885,390,,,,,,,,,,,,,,
1032,885,406,,,,,,,,,,,,,,
1033,886,389,,,,,,,,,,,,,,
1034,886,390,,,,,,,,,,,,,,
1035,886,398,,,,,,,,,,,,,,
1036,887,389,,,,,,,,,,,,,,
1037,887,390,,,,,,,,,,,,,,
1038,887,406,,,,,,,,,,,,,,
1039,888,390,,,,,,,,,,,,,,
1040,888,406,,,,,,,,,,,,,,
1041,889,391,,,,,,,,,,,,,,
1042,889,392,,,,,,,,,,,,,,
1043,889,393,,,,,,,,,,,,,,
1044,889,394,,,,,,,,,,,,,,
1045,889,396,,,,,,,,,,,,,,
1046,889,397,,,,,,,,,,,,,,
1047,889,400,,,,,,,,,,,,,,
1048,889,404,,,,,,,,,,,,,,
1049,889,405,,,,,,,,,,,,,,
1050,889,407,,,,,,,,,,,,,,
1051,889,413,,,,,,,,,,,,,,
1052,889,415,,,,,,,,,,,,,,
1053,889,420,,,,,,,,,,,,,,
1054,889,421,,,,,,,,,,,,,,
1055,889,426,,,,,,,,,,,,,,
1056,889,427,,,,,,,,,,,,,,
1057,889,428,,,,,,,,,,,,,,
1058,889,429,,,,,,,,,,,,,,
1059,889,435,,,,,,,,,,,,,,
1060,889,437,,,,,,,,,,,,,,
1061,890,391,,,,,,,,,,,,,,
1062,891,391,,,,,,,,,,,,,,
1063,895,392,,,,,,,,,,,,,,
1064,895,397,,,,,,,,,,,,,,
1065,895,418,,,,,,,,,,,,,,
1066,896,395,,,,,,,,,,,,,,
1067,896,416,,,,,,,,,,,,,,
1068,897,393,,,,,,,,,,,,,,
1069,898,394,,,,,,,,,,,,,,
1070,898,396,,,,,,,,,,,,,,
1071,898,400,,,,,,,,,,,,,,
1072,898,404,,,,,,,,,,,,,,
1073,898,405,,,,,,,,,,,,,,
1074,898,407,,,,,,,,,,,,,,
1075,898,437,,,,,,,,,,,,,,
1076,906,398,,,,,,,,,,,,,,
1077,907,399,,,,,,,,,,,,,,
1078,908,399,,,,,,,,,,,,,,
1079,916,402,,,,,,,,,,,,,,
1080,917,402,,,,,,,,,,,,,,
1081,918,403,,,,,,,,,,,,,,
1082,920,404,,,,,,,,,,,,,,
1083,920,420,,,,,,,,,,,,,,
1084,920,437,,,,,,,,,,,,,,
1085,927,422,,,,,,,,,,,,,,
1086,927,438,,,,,,,,,,,,,,
1087,934,415,,,,,,,,,,,,,,
1088,939,408,,,,,,,,,,,,,,
1089,939,409,,,,,,,,,,,,,,
1090,939,410,,,,,,,,,,,,,,
1091,939,411,,,,,,,,,,,,,,
1092,939,412,,,,,,,,,,,,,,
1093,939,417,,,,,,,,,,,,,,
1094,940,408,,,,,,,,,,,,,,
1095,940,409,,,,,,,,,,,,,,
1096,940,410,,,,,,,,,,,,,,
1097,940,411,,,,,,,,,,,,,,
1098,940,412,,,,,,,,,,,,,,
1099,940,417,,,,,,,,,,,,,,
1100,941,414,,,,,,,,,,,,,,
1101,942,414,,,,,,,,,,,,,,
1102,943,414,,,,,,,,,,,,,,
1103,944,414,,,,,,,,,,,,,,
1104,945,414,,,,,,,,,,,,,,
1105,950,416,,,,,,,,,,,,,,
1106,954,417,,,,,,,,,,,,,,
1107,966,419,,,,,,,,,,,,,,
1108,967,419,,,,,,,,,,,,,,
1109,968,420,,,,,,,,,,,,,,
1110,968,428,,,,,,,,,,,,,,
1111,968,429,,,,,,,,,,,,,,
1112,969,428,,,,,,,,,,,,,,
1113,969,429,,,,,,,,,,,,,,
1114,972,422,,,,,,,,,,,,,,
1115,974,423,,,,,,,,,,,,,,
1116,975,423,,,,,,,,,,,,,,
1117,976,424,,,,,,,,,,,,,,
1118,976,425,,,,,,,,,,,,,,
1119,976,426,,,,,,,,,,,,,,
1120,976,427,,,,,,,,,,,,,,
1121,976,428,,,,,,,,,,,,,,
1122,976,435,,,,,,,,,,,,,,
1123,976,437,,,,,,,,,,,,,,
1124,977,424,,,,,,,,,,,,,,
1125,978,424,,,,,,,,,,,,,,
1126,978,430,,,,,,,,,,,,,,
1127,994,431,,,,,,,,,,,,,,
1128,995,432,,,,,,,,,,,,,,
1129,995,433,,,,,,,,,,,,,,
1130,995,434,,,,,,,,,,,,,,
1131,996,434,,,,,,,,,,,,,,
1132,997,436,,,,,,,,,,,,,,
1133,998,436,,,,,,,,,,,,,,
1134,1000,438,,,,,,,,,,,,,,
1135,1003,439,,,,,,,,,,,,,,
1136,1004,439,,,,,,,,,,,,,,
1137,1005,439,,,,,,,,,,,,,,
1138,1006,439,,,,,,,,,,,,,,
1139,1010,440,,,,,,,,,,,,,,
1140,1011,440,,,,,,,,,,,,,,
1141,1036,363,,,,,,,,,,,,,,
1142,1037,354,,,,,,,,,,,,,,
1143,1037,355,,,,,,,,,,,,,,
1144,1038,349,,,,,,,,,,,,,,
1145,1039,303,,,,,,,,,,,,,,
1146,1040,243,,,,,,,,,,,,,,
1147,1040,217,,,,,,,,,,,,,,
1148,1040,201,,,,,,,,,,,,,,
1149,1040,198,,,,,,,,,,,,,,
1150,1041,314,,,,,,,,,,,,,,
1151,1042,200,,,,,,,,,,,,,,
1152,1043,195,,,,,,,,,,,,,,
1153,37,441,,,,,,,,,,,,,,
1154,50,441,,,,,,,,,,,,,,
1155,70,442,,,,,,,,,,,,,,
1156,69,442,,,,,,,,,,,,,,
1157,79,42,Testimonio Reichert,https://www.andeshandbook.org/media/documents/17-_Andes_centrales_-_Capitulo_XIII.pdf,,,,,,,,,,,,
1158,226,102,,,,,,,,,,,,,,
1159,225,152,,,,,,,,,,,,,,
1160,251,152,,,,,,,,,,,,,,
1161,271,152,,,,,,,,,,,,,,
1162,266,154,,,,,,,,,,,,,,
1163,301,154,,,,,,,,,,,,,,
1164,302,154,,,,,,,,,,,,,,
1165,300,154,,,,,,,,,,,,,,
1166,264,157,,,,,,,,,,,,,,
1167,285,157,,,,,,,,,,,,,,
1168,316,157,,,,,,,,,,,,,,
1169,315,157,,,,,,,,,,,,,,
1170,317,157,,,,,,,,,,,,,,
1171,246,518,,,,,,,,,,,,,,
1172,326,518,,,,,,,,,,,,,,
1173,326,518,,,,,,,,,,,,,,
1174,1046,183,,,,,,,,,,,,,,
1175,345,243,,,,,,,,,,,,,,
1176,475,283,,,,,,,,,,,,,,
1177,445,330,,,,,,,,,,,,,,
1178,137,443,,,,,,,,,,,,,,
1179,1047,443,,,,,,,,,,,,,,
1180,1048,443,,,,,,,,,,,,,,
1181,1049,443,,,,,,,,,,,,,,
1182,1050,444,,,,,,,,,,,,,,
1183,168,445,,,,,,,,,,,,,,
1184,1045,445,,,,,,,,,,,,,,
1185,133,446,,,,,,,,,,,,,,
1186,1051,446,,,,,,,,,,,,,,
1187,133,447,,,,,,,,,,,,,,
1188,133,448,,,,,,,,,,,,,,
1189,168,448,,,,,,,,,,,,,,
1190,1052,448,,,,,,,,,,,,,,
1191,172,448,,,,,,,,,,,,,,
1192,1053,449,,,,,,,,,,,,,,
1193,1054,449,,,,,,,,,,,,,,
1194,1055,449,,,,,,,,,,,,,,
1195,1056,450,,,,,,,,,,,,,,
1196,1057,450,,,,,,,,,,,,,,
1197,156,451,,,,,,,,,,,,,,
1198,157,451,,,,,,,,,,,,,,
1199,156,452,,,,,,,,,,,,,,
1200,157,452,,,,,,,,,,,,,,
1201,186,453,,,,,,,,,,,,,,
1202,1058,454,,,,,,,,,,,,,,
1203,1059,454,,,,,,,,,,,,,,
1204,1060,454,,,,,,,,,,,,,,
1205,131,454,,,,,,,,,,,,,,
1206,172,455,,,,,,,,,,,,,,
1207,175,455,,,,,,,,,,,,,,
1208,169,455,,,,,,,,,,,,,,
1209,1096,455,,,,,,,,,,,,,,
1210,186,456,,,,,,,,,,,,,,
1211,1148,456,,,,,,,,,,,,,,
1212,133,457,,,,,,,,,,,,,,
1213,178,457,,,,,,,,,,,,,,
1214,181,458,,,,,,,,,,,,,,
1215,179,458,,,,,,,,,,,,,,
1216,180,458,,,,,,,,,,,,,,
1217,1097,459,,,,,,,,,,,,,,
1218,168,459,,,,,,,,,,,,,,
1219,172,459,,,,,,,,,,,,,,
1220,263,460,,,,,,,,,,,,,,
1221,1147,460,,,,,,,,,,,,,,
1222,186,461,,,,,,,,,,,,,,
1223,187,461,,,,,,,,,,,,,,
1224,188,461,,,,,,,,,,,,,,
1225,189,463,,,,,,,,,,,,,,
1226,1146,463,,,,,,,,,,,,,,
1227,191,463,,,,,,,,,,,,,,
1228,189,464,,,,,,,,,,,,,,
1229,1146,464,,,,,,,,,,,,,,
1230,191,464,,,,,,,,,,,,,,
1231,163,465,,,,,,,,,,,,,,
1232,194,465,,,,,,,,,,,,,,
1233,168,466,,,,,,,,,,,,,,
1234,204,466,,,,,,,,,,,,,,
1235,1145,466,,,,,,,,,,,,,,
1236,168,467,,,,,,,,,,,,,,
1237,205,467,,,,,,,,,,,,,,
1238,238,467,,,,,,,,,,,,,,
1239,82,468,,,,,,,,,,,,,,
1240,1144,469,,,,,,,,,,,,,,
1241,1143,469,,,,,,,,,,,,,,
1242,1142,470,,,,,,,,,,,,,,
1243,349,470,,,,,,,,,,,,,,
1244,285,470,,,,,,,,,,,,,,
1245,1118,470,,,,,,,,,,,,,,
1246,1141,470,,,,,,,,,,,,,,
1247,1140,471,,,,,,,,,,,,,,
1248,235,471,,,,,,,,,,,,,,
1249,376,471,,,,,,,,,,,,,,
1250,1137,471,,,,,,,,,,,,,,
1251,1138,471,,,,,,,,,,,,,,
1252,1139,471,,,,,,,,,,,,,,
1253,251,472,,,,,,,,,,,,,,
1254,205,473,,,,,,,,,,,,,,
1255,237,473,,,,,,,,,,,,,,
1256,238,473,,,,,,,,,,,,,,
1257,205,474,,,,,,,,,,,,,,
1258,237,474,,,,,,,,,,,,,,
1259,238,474,,,,,,,,,,,,,,
1260,1136,475,,,,,,,,,,,,,,
1261,258,475,,,,,,,,,,,,,,
1262,1135,476,,,,,,,,,,,,,,
1263,248,477,,,,,,,,,,,,,,
1264,186,477,,,,,,,,,,,,,,
1265,257,477,,,,,,,,,,,,,,
1266,248,478,,,,,,,,,,,,,,
1267,186,478,,,,,,,,,,,,,,
1268,257,478,,,,,,,,,,,,,,
1269,28,479,,,,,,,,,,,,,,
1270,27,479,,,,,,,,,,,,,,
1271,88,480,,,,,,,,,,,,,,
1272,1134,480,,,,,,,,,,,,,,
1273,1133,480,,,,,,,,,,,,,,
1274,1132,480,,,,,,,,,,,,,,
1275,1131,480,,,,,,,,,,,,,,
1276,26,481,,,,,,,,,,,,,,
1277,37,482,,,,,,,,,,,,,,
1278,37,483,,,,,,,,,,,,,,
1279,38,483,,,,,,,,,,,,,,
1280,791,484,,,,,,,,,,,,,,
1281,37,485,,,,,,,,,,,,,,
1282,38,485,,,,,,,,,,,,,,
1283,37,486,,,,,,,,,,,,,,
1284,50,486,,,,,,,,,,,,,,
1285,37,487,,,,,,,,,,,,,,
1286,50,487,,,,,,,,,,,,,,
1287,1130,488,,,,,,,,,,,,,,
1288,1129,488,,,,,,,,,,,,,,
1289,101,489,,,,,,,,,,,,,,
1290,1128,489,,,,,,,,,,,,,,
1291,87,489,,,,,,,,,,,,,,
1292,84,490,,,,,,,,,,,,,,
1293,87,490,,,,,,,,,,,,,,
1294,1127,491,,,,,,,,,,,,,,
1295,1126,491,,,,,,,,,,,,,,
1296,1125,492,,,,,,,,,,,,,,
1297,266,493,,,,,,,,,,,,,,
1298,275,493,,,,,,,,,,,,,,
1299,281,494,,,,,,,,,,,,,,
1300,280,494,,,,,,,,,,,,,,
1301,278,494,,,,,,,,,,,,,,
1302,279,494,,,,,,,,,,,,,,
1303,1124,494,,,,,,,,,,,,,,
1304,194,495,,,,,,,,,,,,,,
1305,248,495,,,,,,,,,,,,,,
1306,252,496,,,,,,,,,,,,,,
1307,253,496,,,,,,,,,,,,,,
1308,1120,496,,,,,,,,,,,,,,
1309,184,496,,,,,,,,,,,,,,
1310,233,496,,,,,,,,,,,,,,
1311,251,497,,,,,,,,,,,,,,
1312,245,497,,,,,,,,,,,,,,
1313,1123,497,,,,,,,,,,,,,,
1314,1120,498,,,,,,,,,,,,,,
1315,248,498,,,,,,,,,,,,,,
1316,233,499,,,,,,,,,,,,,,
1317,1121,499,,,,,,,,,,,,,,
1318,252,499,,,,,,,,,,,,,,
1319,253,499,,,,,,,,,,,,,,
1320,268,499,,,,,,,,,,,,,,
1321,1120,499,,,,,,,,,,,,,,
1322,252,500,,,,,,,,,,,,,,
1323,253,500,,,,,,,,,,,,,,
1324,194,501,,,,,,,,,,,,,,
1325,176,501,,,,,,,,,,,,,,
1326,1121,502,,,,,,,,,,,,,,
1327,1120,502,,,,,,,,,,,,,,
1328,254,502,,,,,,,,,,,,,,
1329,1119,503,,,,,,,,,,,,,,
1330,474,503,,,,,,,,,,,,,,
1331,1118,504,,,,,,,,,,,,,,
1332,496,505,,,,,,,,,,,,,,
1333,1099,505,,,,,,,,,,,,,,
1334,176,506,,,,,,,,,,,,,,
1335,194,506,,,,,,,,,,,,,,
1336,1099,507,,,,,,,,,,,,,,
1337,496,507,,,,,,,,,,,,,,
1338,691,508,,,,,,,,,,,,,,
1339,266,509,,,,,,,,,,,,,,
1340,275,509,,,,,,,,,,,,,,
1341,1117,509,,,,,,,,,,,,,,
1342,345,510,,,,,,,,,,,,,,
1343,1116,510,,,,,,,,,,,,,,
1344,254,511,,,,,,,,,,,,,,
1345,1115,511,,,,,,,,,,,,,,
1346,1112,512,,,,,,,,,,,,,,
1347,1113,512,,,,,,,,,,,,,,
1348,1114,512,,,,,,,,,,,,,,
1349,1111,513,,,,,,,,,,,,,,
1350,258,513,,,,,,,,,,,,,,
1351,1109,514,,,,,,,,,,,,,,
1352,1110,514,,,,,,,,,,,,,,
1353,254,515,,,,,,,,,,,,,,
1354,1108,515,,,,,,,,,,,,,,
1355,254,516,,,,,,,,,,,,,,
1356,1108,516,,,,,,,,,,,,,,
1357,254,517,,,,,,,,,,,,,,
1358,1108,517,,,,,,,,,,,,,,
1359,,518,,,,,,,,,,,,,,
1360,1105,519,,,,,,,,,,,,,,
1361,1106,519,,,,,,,,,,,,,,
1362,1107,519,,,,,,,,,,,,,,
1363,265,519,,,,,,,,,,,,,,
1364,269,520,,,,,,,,,,,,,,
1365,156,521,,,,,,,,,,,,,,
1366,157,521,,,,,,,,,,,,,,
1367,1103,521,,,,,,,,,,,,,,
1368,1104,521,,,,,,,,,,,,,,
1369,168,522,,,,,,,,,,,,,,
1370,195,522,,,,,,,,,,,,,,
1371,187,523,,,,,,,,,,,,,,
1372,233,523,,,,,,,,,,,,,,
1373,307,523,,,,,,,,,,,,,,
1374,187,524,,,,,,,,,,,,,,
1375,233,524,,,,,,,,,,,,,,
1376,1102,525,,,,,,,,,,,,,,
1377,252,525,,,,,,,,,,,,,,
1378,253,525,,,,,,,,,,,,,,
1379,238,525,,,,,,,,,,,,,,
1380,264,526,,,,,,,,,,,,,,
1381,265,526,,,,,,,,,,,,,,
1382,1101,527,,,,,,,,,,,,,,
1383,1100,527,,,,,,,,,,,,,,
1384,346,527,,,,,,,,,,,,,,
1385,350,527,,,,,,,,,,,,,,
1386,320,528,,,,,,,,,,,,,,
1387,335,528,,,,,,,,,,,,,,
1388,281,529,,,,,,,,,,,,,,
1389,276,529,,,,,,,,,,,,,,
1390,252,530,,,,,,,,,,,,,,
1391,285,530,,,,,,,,,,,,,,
1392,252,531,,,,,,,,,,,,,,
1393,194,531,,,,,,,,,,,,,,
1394,473,531,,,,,,,,,,,,,,
1395,1099,532,,,,,,,,,,,,,,
1396,285,532,,,,,,,,,,,,,,
1397,395,532,,,,,,,,,,,,,,
1398,1098,532,,,,,,,,,,,,,,
1399,251,533,,,,,,,,,,,,,,
1400,271,533,,,,,,,,,,,,,,
1401,1095,534,,,,,,,,,,,,,,
1402,1094,534,,,,,,,,,,,,,,
1403,423,534,,,,,,,,,,,,,,
1404,1093,535,,,,,,,,,,,,,,
1405,1092,535,,,,,,,,,,,,,,
1406,1093,536,,,,,,,,,,,,,,
1407,1092,536,,,,,,,,,,,,,,
1408,1091,536,,,,,,,,,,,,,,
1409,1090,537,,,,,,,,,,,,,,
1410,444,538,,,,,,,,,,,,,,
1411,478,538,,,,,,,,,,,,,,
1412,1089,538,,,,,,,,,,,,,,
1413,480,538,,,,,,,,,,,,,,
1414,586,538,,,,,,,,,,,,,,
1415,423,538,,,,,,,,,,,,,,
1416,479,539,,,,,,,,,,,,,,
1417,1087,539,,,,,,,,,,,,,,
1418,1088,539,,,,,,,,,,,,,,
1419,479,540,,,,,,,,,,,,,,
1420,1087,540,,,,,,,,,,,,,,
1421,1088,540,,,,,,,,,,,,,,
1422,350,541,,,,,,,,,,,,,,
1423,1086,541,,,,,,,,,,,,,,
1424,479,541,,,,,,,,,,,,,,
1425,350,542,,,,,,,,,,,,,,
1426,1086,542,,,,,,,,,,,,,,
1427,479,542,,,,,,,,,,,,,,
1428,1085,543,,,,,,,,,,,,,,
1429,1084,543,,,,,,,,,,,,,,
1430,1083,543,,,,,,,,,,,,,,
1431,1040,544,,,,,,,,,,,,,,
1432,410,544,,,,,,,,,,,,,,
1433,1040,545,,,,,,,,,,,,,,
1434,410,545,,,,,,,,,,,,,,
1435,500,546,,,,,,,,,,,,,,
1436,496,546,,,,,,,,,,,,,,
1437,500,547,,,,,,,,,,,,,,
1438,496,547,,,,,,,,,,,,,,
1439,475,548,,,,,,,,,,,,,,
1440,503,548,,,,,,,,,,,,,,
1441,496,549,,,,,,,,,,,,,,
1442,503,549,,,,,,,,,,,,,,
1443,1079,550,,,,,,,,,,,,,,
1444,1082,550,,,,,,,,,,,,,,
1445,714,550,,,,,,,,,,,,,,
1446,496,551,,,,,,,,,,,,,,
1447,475,551,,,,,,,,,,,,,,
1448,480,551,,,,,,,,,,,,,,
1449,500,552,,,,,,,,,,,,,,
1450,479,552,,,,,,,,,,,,,,
1451,500,553,,,,,,,,,,,,,,
1452,479,553,,,,,,,,,,,,,,
1453,500,554,,,,,,,,,,,,,,
1454,479,554,,,,,,,,,,,,,,
1455,1081,555,,,,,,,,,,,,,,
1456,1080,555,,,,,,,,,,,,,,
1457,475,556,,,,,,,,,,,,,,
1458,479,556,,,,,,,,,,,,,,
1459,1063,556,,,,,,,,,,,,,,
1460,480,557,,,,,,,,,,,,,,
1461,496,557,,,,,,,,,,,,,,
1462,500,558,,,,,,,,,,,,,,
1463,475,558,,,,,,,,,,,,,,
1464,475,559,,,,,,,,,,,,,,
1465,500,559,,,,,,,,,,,,,,
1466,480,559,,,,,,,,,,,,,,
1467,496,559,,,,,,,,,,,,,,
1468,500,560,,,,,,,,,,,,,,
1469,496,560,,,,,,,,,,,,,,
1470,480,560,,,,,,,,,,,,,,
1471,475,560,,,,,,,,,,,,,,
1472,500,561,,,,,,,,,,,,,,
1473,475,561,,,,,,,,,,,,,,
1474,500,562,,,,,,,,,,,,,,
1475,475,562,,,,,,,,,,,,,,
1476,500,563,,,,,,,,,,,,,,
1477,475,563,,,,,,,,,,,,,,
1478,520,564,,,,,,,,,,,,,,
1479,521,564,,,,,,,,,,,,,,
1480,1079,565,,,,,,,,,,,,,,
1481,1069,565,,,,,,,,,,,,,,
1482,1076,566,,,,,,,,,,,,,,
1483,1077,566,,,,,,,,,,,,,,
1484,1078,566,,,,,,,,,,,,,,
1485,1075,567,,,,,,,,,,,,,,
1486,1071,567,,,,,,,,,,,,,,
1487,1074,567,,,,,,,,,,,,,,
1488,1073,568,,,,,,,,,,,,,,
1489,1072,568,,,,,,,,,,,,,,
1490,1071,568,,,,,,,,,,,,,,
1491,371,568,,,,,,,,,,,,,,
1492,1073,569,,,,,,,,,,,,,,
1493,1072,569,,,,,,,,,,,,,,
1494,1071,569,,,,,,,,,,,,,,
1495,371,569,,,,,,,,,,,,,,
1496,371,570,,,,,,,,,,,,,,
1497,1070,570,,,,,,,,,,,,,,
1498,370,571,,,,,,,,,,,,,,
1499,475,571,,,,,,,,,,,,,,
1500,370,572,,,,,,,,,,,,,,
1501,1069,572,,,,,,,,,,,,,,
1502,714,572,,,,,,,,,,,,,,
1503,370,573,,,,,,,,,,,,,,
1504,1068,573,,,,,,,,,,,,,,
1505,498,574,,,,,,,,,,,,,,
1506,516,574,,,,,,,,,,,,,,
1507,475,574,,,,,,,,,,,,,,
1508,526,574,,,,,,,,,,,,,,
1509,503,574,,,,,,,,,,,,,,
1510,498,575,,,,,,,,,,,,,,
1511,516,575,,,,,,,,,,,,,,
1512,475,575,,,,,,,,,,,,,,
1513,526,575,,,,,,,,,,,,,,
1514,503,575,,,,,,,,,,,,,,
1515,467,576,,,,,,,,,,,,,,
1516,532,576,,,,,,,,,,,,,,
1517,534,576,,,,,,,,,,,,,,
1518,466,577,,,,,,,,,,,,,,
1519,485,577,,,,,,,,,,,,,,
1520,1067,577,,,,,,,,,,,,,,
1521,484,577,,,,,,,,,,,,,,
1522,1066,577,,,,,,,,,,,,,,
1523,528,578,,,,,,,,,,,,,,
1524,345,578,,,,,,,,,,,,,,
1525,632,579,,,,,,,,,,,,,,
1526,1064,579,,,,,,,,,,,,,,
1527,1065,579,,,,,,,,,,,,,,
1528,605,580,,,,,,,,,,,,,,
1529,500,580,,,,,,,,,,,,,,
1530,632,580,,,,,,,,,,,,,,
1531,590,580,,,,,,,,,,,,,,
1532,528,581,,,,,,,,,,,,,,
1533,345,581,,,,,,,,,,,,,,
1534,605,582,,,,,,,,,,,,,,
1535,614,582,,,,,,,,,,,,,,
1536,500,582,,,,,,,,,,,,,,
1537,605,583,,,,,,,,,,,,,,
1538,531,583,,,,,,,,,,,,,,
1539,354,584,,,,,,,,,,,,,,
1540,1062,584,,,,,,,,,,,,,,
1541,819,585,,,,,,,,,,,,,,
1542,370,585,,,,,,,,,,,,,,
1543,1061,585,,,,,,,,,,,,,,
1544,714,585,,,,,,,,,,,,,,
1545,691,586,,,,,,,,,,,,,,
1546,590,586,,,,,,,,,,,,,,
1547,690,586,,,,,,,,,,,,,,
1548,690,587,,,,,,,,,,,,,,
1549,589,588,,,,,,,,,,,,,,
1550,693,588,,,,,,,,,,,,,,
1551,345,527,,,,,,,,,,,,,,