ID,name,prefix,alternative_name,alternative_name_prefix,altitude,secondary_altitude,secondary_altitude_name,latitude,longitude,nom_id,country_a,country_b
1,El Pangal,Morro,,,2575,,,-33.765035900,-70.332291500,El Ingenio_1,,
2,San Pedro Nolasco,Cerro,,,3177,,,-33.809202300,-70.322292200,El Ingenio_2,,
3,Euskadi,Cerro,,,3615,,,-33.858368000,-70.348405900,El Ingenio_3,,
4,La Carlota,Cerro,,,3563,,,-33.859201900,-70.314793200,El Ingenio_4,,
5,P2856,Innominado,,,2856,,,-33.861976700,-70.473967800,El Ingenio_5,,
6,Los Cristales,Cerro,,,3057,,,-33.865032800,-70.441744000,El Ingenio_6,,
7,Santa Rita,Cerro,,,3533,,,-33.872258000,-70.280069600,El Ingenio_7,,
8,P3558,Innominado,,,3558,,,-33.907256100,-70.363130200,El Ingenio_8,,
9,P3760,Innominado,,,3760,,,-33.914757100,-70.303405200,El Ingenio_9,,
10,de la Punta,Cerro,,,3702,,,-33.953922600,-70.348408500,El Ingenio_10,,
11,Alto Rodeíllo,Cerro,,,2778,,,-33.951975700,-70.477025900,El Ingenio_11,,
12,P3669,Innominado,,,3669,,,-33.970034600,-70.291461600,El Ingenio_12,,
13,P3935,Innominado,,,3935,,,-33.999478800,-70.286184400,El Ingenio_13,,
14,El Horno,Cerro,,,3715,,,-35.019188800,-70.365383200,Lagunas de Teno_1,,
15,Alto de Cayetano,Cerro,,,2878,,,-35.013350200,-70.641785700,Lagunas de Teno_2,,
16,P3478,Innominado,,,3478,,,-35.040021100,-70.406219100,Lagunas de Teno_4,,
17,P3621,Innominado,,,3621,,,-35.056132700,-70.375106900,Lagunas de Teno_5,,
18,Santa Elena,Torre,,,3845,,,-35.082521300,-70.373996500,Lagunas de Teno_6,,
19,Alto de las Lajas,Cerro,,,2866,,,-35.091959500,-70.693179400,Lagunas de Teno_8,,
20,Cordon Caletas,Cerro,,,3257,,,-35.143350400,-70.561507600,Lagunas de Teno_11,,
21,Villagra,Cerro,,,3265,,,-35.201684800,-70.471504800,Lagunas de Teno_12,,
22,El Planchón,Morro,,,3977,,,-35.219460500,-70.572065900,Lagunas de Teno_15,,
23,Planchón,Volcán,,,3920,,,-35.222793800,-70.568454700,Lagunas de Teno_16,,
24,Sierra de San Hilario (Sector Suroeste),Cerro,,,3869,,,-34.768635500,-70.388155000,Termas del Flaco_1,,
25,Sierra de San Hilario (Sector Noreste),Cerro,,,3840,,,-34.756969300,-70.372042800,Termas del Flaco_2,,
26,P4670,Innominado,,,4670,,,-34.769470300,-70.312873500,Termas del Flaco_3,,
27,Punta Rosita,Cerro,,,4136,,,-34.772802800,-70.349819900,Termas del Flaco_4,,
28,Alto del Azufre,Cerro,,,4691,,,-34.771970000,-70.322318500,Termas del Flaco_5,,
29,Puntilla I del Azufre,Cerro,,,4508,,,-34.781136500,-70.326207800,Termas del Flaco_6,,
30,Puntilla II del Azufre,Cerro,,,4516,,,-34.786969800,-70.325930200,Termas del Flaco_7,,
31,Puntilla III del Azufre,Cerro,,,4508,,,-34.788636500,-70.326208000,Termas del Flaco_8,,
32,Puntilla IV del Azufre,Cerro,,,4538,,,-34.790303100,-70.325930300,Termas del Flaco_9,,
33,Puntilla V del Azufre,Cerro,,,4463,,,-34.795303100,-70.326208200,Termas del Flaco_10,,
34,Moño,Cerro,,,4699,,,-34.799193400,-70.249260000,Termas del Flaco_11,,
35,P4495,Innominado,,,4495,,,-34.805026500,-70.254538200,Termas del Flaco_12,,
36,P4455,Innominado,,,4455,,,-34.816970800,-70.257316500,Termas del Flaco_13,,
37,Tinguiririca,Volcán,,,4280,,,-34.818357900,-70.351210100,Termas del Flaco_14,,
38,Monserrat,Volcán,,,4230,,,-34.805302600,-70.343987200,Termas del Flaco_15,,
39,P4297,Innominado,,,4297,,,-34.828915000,-70.264261600,Termas del Flaco_16,,
40,Fray Carlos,Volcán,,,4012,,,-34.843079700,-70.359822400,Termas del Flaco_17,,
41,Natalia,Cerro,,,3639,,,-34.865023900,-70.360378600,Termas del Flaco_18,,
42,Alto de las Placetas,Cerro,,,3255,,,-34.854466300,-70.470106000,Termas del Flaco_19,,
43,Don Cucho,Cerro,,,3556,,,-34.883356900,-70.365657100,Termas del Flaco_20,,
44,Los Guzmanes,Cerro,,,3713,,,-34.895300600,-70.397881300,Termas del Flaco_22,,
45,P4138,Innominado,,,4138,,,-34.931968400,-70.320934000,Termas del Flaco_23,,
46,Sin Nombre,Cerro,,,4160,,,-34.941690300,-70.330657000,Termas del Flaco_24,,
47,Orejas,Cerro,,,3949,,,-34.985023200,-70.332047200,Termas del Flaco_25,,
48,De Los Suizos,Punta,,,3995,,,-34.976690000,-70.327324500,Termas del Flaco_26,,
49,Sordo Lucas,Cerro,,,,,,-34.963944400,-70.525527800,Termas del Flaco_27,,
50,Horno de la Vieja,Cerro,,,3602,,,-35.000855800,-70.357604500,Termas del Flaco_28,,
51,Alto del Padre,Cerro,,,3349,,,-34.989742900,-70.458164700,Termas del Flaco_29,,
52,Rincon de Pincheira,Cerro,,,3291,,,-34.811414800,-70.287040000,Termas del Flaco_31,,
53,Alto de las Llaretas,Cerro,,,,,,-34.870021100,-70.502330200,Termas del Flaco_32,,
54,San Antonio,Cerro,,,2713,,,-34.763909400,-70.591220500,Sierras de Bellavista_1,,
55,Los Lunes,Cerro,,,2193,,,-34.803907400,-70.677892600,Sierras de Bellavista_2,,
56,Alto las Aguilas,Cerro,,,2380,,,-34.822796600,-70.649002900,Sierras de Bellavista_3,,
57,Aguilas del Chivato,Cerro,,,2783,,,-34.845019100,-70.619835400,Sierras de Bellavista_4,,
58,El Sillon,Cerro,,,2756,,,-34.844185700,-70.627057900,Sierras de Bellavista_5,,
59,Alto de la Plaza,Cerro,,,2482,,,-34.859461200,-70.734841500,Sierras de Bellavista_6,,
60,Las Placetas,Cerro,,,2902,,,-34.865298800,-70.508719300,Sierras de Bellavista_7,,
61,P2790,Innominado,,,2790,,,-34.893074800,-70.588446300,Sierras de Bellavista_8,,
62,P3063,Innominado,,,3063,,,-34.914463800,-70.569001500,Sierras de Bellavista_9,,
63,Alto de las Mesas,Cerro,,,2524,,,-34.918905500,-70.710953100,Sierras de Bellavista_10,,
64,Pellejo,Cerro,,,2767,,,-34.927239200,-70.687618800,Sierras de Bellavista_11,,
65,P3045,Innominado,,,3045,,,-34.936408500,-70.543167500,Sierras de Bellavista_12,,
66,Alto las Mesas,Cerro,,,2638,,,-34.965017900,-70.618449800,Sierras de Bellavista_13,,
67,Sordo Lucas,Cerro,,,3399,,,-34.967797300,-70.528723200,Sierras de Bellavista_14,,
68,El Peñon,Cerro,,,2975,,,-34.993906300,-70.625117600,Sierras de Bellavista_15,,
69,Punta Lajas,Cerro,,,3521,,,-34.516414200,-70.481763700,Alto de los Arrieros_01,,
70,Tridente,Cerro,,,3547,,,-34.530190300,-70.485963700,Alto de los Arrieros_02,,
71,Alto de la Buena Vista,Cerro,,,3675,,,-34.536073600,-70.484348600,Alto de los Arrieros_03,,
72,Rosario,Cerro,,,3476,,,-34.556969100,-70.489265200,Alto de los Arrieros_04,,
73,Corona de los Punzones,Cerro,,,3519,,,-34.569191600,-70.470653600,Alto de los Arrieros_05,,
74,San Augusto,Cerro,,,3590,,,-34.589469200,-70.468154000,Alto de los Arrieros_10,,
75,Cuerno,Cerro,,,3556,,,-34.599191200,-70.473432300,Alto de los Arrieros_11,,
76,Alto de la Planchada,Cerro,,,3558,,,-34.591958200,-70.551366600,Alto de los Arrieros_12,,
77,Alto de los Cristales,Cerro,,,3810,,,-34.593197100,-70.515999100,Alto de los Arrieros_13,,
78,Torta,Cerro,,,3688,,,-34.619190800,-70.486766900,Alto de los Arrieros_14,,
79,P3578,Innominado,,,3578,,,-34.633357200,-70.491211900,Alto de los Arrieros_15,,
80,P3759,Innominado,,,3759,,,-34.651968000,-70.498157200,Alto de los Arrieros_16,,
81,Alto del Pelambre,Cerro,,,3943,,,-34.686689100,-70.535660100,Alto de los Arrieros_17,,
82,Peineta,Cerro,,,3910,,,-34.720022100,-70.535661000,Alto de los Arrieros_18,,
83,Coton,Cerro,,,4292,,,-34.514749800,-70.361757700,Alto de los Arrieros_20,,
84,Chile Japon,Cerro,,,4186,,,-34.582248700,-70.379538300,Alto de los Arrieros_21,,
85,P4060,Innominado,,,4060,,,-34.589193200,-70.374816000,Alto de los Arrieros_22,,
86,ASAVA,Cerro,,,4345,,,-34.611692900,-70.379261300,Alto de los Arrieros_23,,
87,ASAE,Cerro,,,4306,,,-34.631692500,-70.385373300,Alto de los Arrieros_24,,
88,P4716,Innominado,,,4716,,,-34.645303800,-70.368706200,Alto de los Arrieros_25,,
89,Alto de los Arrieros,Cerro,,,4990,,,-34.650303700,-70.372317600,Alto de los Arrieros_26,,
90,Portillo,Cerro,,,4961,,,-34.660581300,-70.379262700,Alto de los Arrieros_27,,
91,Torre Norte al sur del Portillo,Cerro,,,4860,,,-34.668636800,-70.376485000,Alto de los Arrieros_29,,
92,Torre Central al sur del Portillo,Cerro,,,4957,,,-34.671136700,-70.378707400,Alto de los Arrieros_30,,
93,Torre Sur al sur del Portillo,Cerro,,,4800,,,-34.672803300,-70.381763100,Alto de los Arrieros_31,,
94,Punta NUSEVA,Cerro,,,4570,,,-34.681969900,-70.378985500,Alto de los Arrieros_32,,
95,El Brujo,Cerro,,,4732,,,-34.690025300,-70.382319200,Alto de los Arrieros_33,,
96,P4697,Innominado,,,4697,,,-34.695580700,-70.390375300,Alto de los Arrieros_34,,
97,Cumbre Sur del Brujo,Cerro,,,4458,,,-34.709747200,-70.390653500,Alto de los Arrieros_35,,
98,Aguja de Roca,Cerro,,,3700,,,-34.672804000,-70.346483600,Alto de los Arrieros_36,,
99,Dr. Hernan Cruz,Cerro,,,4565,,,-34.550583400,-70.326479200,Alto de los Arrieros_38,,
100,P4131,Innominado,,,4131,,,-34.551139500,-70.298977900,Alto de los Arrieros_39,,
101,Punta Maria Angeles,Cerro,,,4470,,,-34.554750200,-70.320367900,Alto de los Arrieros_40,,
102,Sandra,Cerro,,,4198,,,-34.563083400,-70.321757100,Alto de los Arrieros_41,,
103,P4323,Innominado,,,4323,,,-34.575305600,-70.314534800,Alto de los Arrieros_42,,
104,Punta Estructura,Cerro,,,4000,,,-34.586694300,-70.317035300,Alto de los Arrieros_43,,
105,Punta Escultura,Cerro,,,4286,,,-34.598916400,-70.316202300,Alto de los Arrieros_44,,
106,Monolitos,Cerro,,,4160,,,-34.597249300,-70.343148000,Alto de los Arrieros_46,,
107,Cipres del Granitos,Cerro,,,4100,,,-34.603915800,-70.346203900,Alto de los Arrieros_47,,
108,Torreones Centrales del Granitos,Cerro,,,4150,,,-34.612526800,-70.346759700,Alto de los Arrieros_48,,
109,de la Meza,Aguja,,,4000,,,-34.603360500,-70.335647800,Alto de los Arrieros_49,,
110,del Granitos,Nevado,,,4300,,,-34.620582300,-70.347593300,Alto de los Arrieros_50,,
111,Chimenea,Punta,,,4000,,,-34.620027000,-70.335648200,Alto de los Arrieros_51,,
112,Granitos,Nevado,,,4505,,,-34.631137700,-70.348704800,Alto de los Arrieros_52,,
113,P4309,Innominado,,,4309,,,-34.621971300,-70.337870600,Alto de los Arrieros_53,,
114,Penitente,Nevado,,,4350,,,-34.634193400,-70.340926700,Alto de los Arrieros_55,,
115,Mañke,Nevado,,,4480,,,-34.638637600,-70.349260600,Alto de los Arrieros_56,,
116,Cisne,Nevado,,,4350,,,-34.644748600,-70.350649700,Alto de los Arrieros_57,,
117,P4584,Innominado,,,4584,,,-34.650859700,-70.352038800,Alto de los Arrieros_58,,
118,Corona del Diablo,Cerro,,,4589,,,-34.656415300,-70.346205300,Alto de los Arrieros_59,,
119,Palomo,Volcán,,,4860,,,-34.610861100,-70.297868300,Alto de los Arrieros_60,,
120,Agujas del Palomo,Cerro,,,4000,,,-34.603360800,-70.318980300,Alto de los Arrieros_60B,,
121,Pilar Occidental,Cerro,,,4016,,,-34.635027100,-70.322036900,Alto de los Arrieros_61,,
122,Pilar Oriental,Cerro,,,3998,,,-34.647527300,-70.303703000,Alto de los Arrieros_62,,
123,Gran Torre del Cortaderal,Cerro,,,3968,,,-34.630305600,-70.283701500,Alto de los Arrieros_63,,
124,Aguja Roja,Cerro,,,3926,,,-34.655304900,-70.305369900,Alto de los Arrieros_64,,
125,Torrecilla,Punta,,,3858,,,-34.659471400,-70.312592600,Alto de los Arrieros_65,,
126,Colmillo,Punta,,,3613,,,-34.698915400,-70.315093900,Alto de los Arrieros_67,,
127,Mesoncito,Punta,,,3946,,,-34.703221500,-70.261741900,Alto de los Arrieros_68,,
128,Cortaderal,Punta,,,3810,,,-34.676416200,-70.287869700,Alto de los Arrieros_69,,
129,Budapest,Punta,,,3931,,,-34.695860900,-70.258979900,Alto de los Arrieros_70,,
130,Hermandad,Punta,,,4139,,,-34.714471700,-70.268147500,Alto de los Arrieros_71,,
131,P4413,Innominado,,,4413,,,-34.722805000,-70.262591900,Alto de los Arrieros_76,,
132,P4565,Innominado,,,4565,,,-34.738915400,-70.295094000,Alto de los Arrieros_77,,
133,P4625,Innominado,,,4625,,,-34.749470600,-70.307594900,Alto de los Arrieros_78,,
134,P3048,Innominado,,,3048,,,-34.510579300,-70.567323400,Rio Clarillo_1,,
135,P3167,Innominado,,,3167,,,-34.513635200,-70.543711200,Rio Clarillo_2,,
136,Alto del Corazon,Cerro,,,1664,,,-34.521133500,-70.633160300,Rio Clarillo_3,,
137,Alto de las Verdolagas,Cerro,,,2068,,,-34.525022700,-70.610937100,Rio Clarillo_4,,
138,Alto de los Peñascos,Cerro,,,2935,,,-34.521134500,-70.575935200,Rio Clarillo_5,,
139,P3010,Innominado,,,3010,,,-34.531135600,-70.513710200,Rio Clarillo_6,,
140,P3031,Innominado,,,3031,,,-34.548635700,-70.502599000,Rio Clarillo_7,,
141,Alto de la Campana,Cerro,,,2430,,,-34.561132700,-70.651495600,Rio Clarillo_8,,
142,Alto del Sapo,Cerro,,,3052,,,-34.556690800,-70.521766900,Rio Clarillo_9,,
143,Alto de Monserrat,Cerro,,,3014,,,-34.579467100,-70.582326100,Rio Clarillo_10,,
144,Alto de las Yeguas,Cerro,,,3217,,,-34.588356300,-70.561491900,Rio Clarillo_11,,
145,P3404,Innominado,,,3404,,,-34.588912500,-70.529545900,Rio Clarillo_12,,
146,P3525,Innominado,,,3525,,,-34.594745300,-70.553158400,Rio Clarillo_13,,
147,Alto de la Plancha,Cerro,,,3702,,,-34.596412600,-70.517878900,Rio Clarillo_14,,
148,Alto de las Lagunas,Cerro,,,3032,,,-34.614187600,-70.655941800,Rio Clarillo_15,,
149,P3560,Innominado,,,3560,,,-34.614467900,-70.523713000,Rio Clarillo_16,,
150,Alto de los Lirios,Cerro,,,3053,,,-34.628076300,-70.659553500,Rio Clarillo_17,,
151,Alto de Barahona,Cerro,,,3537,,,-34.630022900,-70.543714400,Rio Clarillo_18,,
152,P3049,Innominado,,,3049,,,-34.637798200,-70.666776300,Rio Clarillo_19,,
153,Alto de Pellejo,Cerro,,,2663,,,-34.636966400,-70.587050100,Rio Clarillo_20,,
154,Alto de Castañeda,Cerro,,,2785,,,-34.665854600,-70.606496300,Rio Clarillo_21,,
155,P3682,Innominado,,,3682,,,-34.667245200,-70.516769700,Rio Clarillo_22,,
156,P3255,Innominado,,,3255,,,-34.673911200,-70.551771600,Rio Clarillo_23,,
157,(Sierra de los Punzones),Cerro,,,3526,,,-34.682800400,-70.530104100,Rio Clarillo_24,,
158,Alto del Pelambre,Cerro,,,3934,,,-34.695716900,-70.534580400,Rio Clarillo_25,,
159,P3648,Innominado,,,3648,,,-34.715578100,-70.513715300,Rio Clarillo_26,,
160,P3932,Innominado,,,3932,,,-34.713910900,-70.544550200,Rio Clarillo_27,,
161,Alto de las Mulas,Cerro,,,3468,,,-34.737521700,-70.546773100,Rio Clarillo_28,,
162,P2664,Innominado,,,2664,,,-34.272531000,-70.314248700,Rio Cortaderal_1,,
163,Agujereado,Cerro,,,2522,,,-34.277806900,-70.408420200,Rio Cortaderal_2,,
164,P3313,Innominado,,,3313,,,-34.284476200,-70.267302300,Rio Cortaderal_3,,
165,Manantiales,Cerro,,,3511,,,-34.294712200,-70.319003700,Rio Cortaderal_4,,
166,Mirador del Manantiales,Cerro,,,3530,,,-34.302089400,-70.325036200,Rio Cortaderal_5,,
167,Sesquicentenario,Cerro,,,3404,,,-34.296419300,-70.332305800,Rio Cortaderal_6,,
168,Alto del Retamal,Cerro,,,3353,,,-34.301141100,-70.353973700,Rio Cortaderal_7,,
169,Duende,Cerro,,,3559,,,-34.306141400,-70.331194900,Rio Cortaderal_8,,
170,Los Llanos,Cerro,,,3115,,,-34.319475800,-70.266747700,Rio Cortaderal_9,,
171,Alto del Guayacan,Cerro,,,2860,,,-34.285109700,-70.394663100,Rio Cortaderal_9B,,
172,La Guardia,Cerro,,,3305,,,-34.320030200,-70.329528600,Rio Cortaderal_10,,
173,Alto del Collay,Cerro,,,3154,,,-34.391417800,-70.360365400,Rio Cortaderal_11,,
174,P3248,Innominado,,,3248,,,-34.403639800,-70.362865900,Rio Cortaderal_12,,
175,Alto de los Bueyes,Cerro,,,3064,,,-34.405307900,-70.286751000,Rio Cortaderal_13,,
176,Escalones,Cerro,,,3329,,,-34.418637300,-70.488705800,Rio Cortaderal_14,,
177,Morro Bandera,Cerro,,,3483,,,-34.441972500,-70.373700800,Rio Cortaderal_15,,
178,P3279,Innominado,,,3279,,,-34.449192300,-70.500373900,Rio Cortaderal_16,,
179,P3468,Innominado,,,3468,,,-34.456972300,-70.376756900,Rio Cortaderal_17,,
180,Morro Urriola,Cerro,,,3162,,,-34.458083200,-70.388424200,Rio Cortaderal_18,,
181,P3760,Innominado,,,3760,,,-34.473638900,-70.370923700,Rio Cortaderal_19,,
182,Alto de los Pejerreyes,Cerro,,,3741,,,-34.482251100,-70.312309900,Rio Cortaderal_20,,
183,P3457,Innominado,,,3457,,,-34.495580900,-70.487319000,Rio Cortaderal_21,,
184,Alto Cotón Norte,Cerro,,,4086,,,-34.496694500,-70.358979300,Rio Cortaderal_22,,
185,Tinajon,Cerro,,,3189,,,-34.290307600,-70.365918400,Rio Cortaderal_23,,
186,Morro de la Torre,Cerro,,,3300,,,-34.336543800,-70.277249800,Rio Cortaderal_-,,
187,Yeguas,Cerro,,,3000,,,-34.420025900,-70.502317700,Rio Cortaderal_-,,
188,Las Lamparas,Cerro,,,2282,,,-34.353080500,-70.590375700,Lag Cauquenes_1,,
189,Blanco,Cerro,,,2232,,,-34.369468900,-70.605376900,Lag Cauquenes_2,,
190,Los Caletones,Cerro,,,2402,,,-34.400581400,-70.515095500,Lag Cauquenes_3,,
191,Sierra Nevada,Cerro,,,2089,,,-34.407800600,-70.670659000,Lag Cauquenes_4,,
192,La Bandera,Cerro,,,2284,,,-34.413357400,-70.602044600,Lag Cauquenes_5,,
193,P3008,Innominado,,,3008,,,-35.423903800,-70.514568900,Lag Cauquenes_6,,
194,P2544,Innominado,,,2544,,,-34.451690000,-70.617602000,Lag Cauquenes_7,,
195,Las Llaretas,Cerro,,,2535,,,-34.454190700,-70.583433700,Lag Cauquenes_8,,
196,Portezuelo,Cerro,,,2414,,,-34.454467500,-70.632325100,Lag Cauquenes_9,,
197,Los Pocillos,Cerro,,,2578,,,-34.465023900,-70.582878500,Lag Cauquenes_10,,
198,Las Pizarras,Cerro,,,3390,,,-34.470635600,-70.522532000,Lag Cauquenes_11,,
199,Dr. Augusto Figueroa,Cerro,,,3442,,,-34.492793900,-70.528154300,Lag Cauquenes_12,,
200,Altos del Cepillo,Cerro,,,3125,,,-34.500579500,-70.562322900,Lag Cauquenes_13,,
201,Gorro,Cerro,,,4520,,,-34.032264600,-69.838663100,Vn Maipo_1,,
202,P4715,Innominado,,,4715,,,-34.051154100,-69.793661300,Vn Maipo_2,,
203,P4417,Innominado,,,4417,,,-34.052541200,-69.887277100,Vn Maipo_3,,
204,P4802,Innominado,,,4802,,,-34.057262400,-69.943946700,Vn Maipo_4,,
205,Amarillo,Cerro,,,4900,,,-34.070319800,-69.833108200,Vn Maipo_5,,
206,P4632,Innominado,,,4632,,,-34.080872800,-69.967004100,Vn Maipo_6,,
207,Yeseras,Cerro,,,3865,,,-34.074485000,-69.909223300,Vn Maipo_7,,
208,de Argüelles,Nevado,,,4819,,,-34.073373300,-69.944502800,Vn Maipo_8,,
209,P4292,Innominado,,,4292,,,-34.093373400,-69.928391400,Vn Maipo_9,,
210,de Alvarado,Cerro,,,4361,,,-34.103652300,-69.863666200,Vn Maipo_10,,
211,Maipo,Volcán,,,5264,,,-34.163374400,-69.835055300,Vn Maipo_13,,
212,Tortolas,Cerro,,,4016,,,-34.175040000,-69.889225000,Vn Maipo_14,,
213,P4073,Innominado,,,4073,,,-34.211427800,-69.925061100,Vn Maipo_15,,
214,Cruz de Piedra,Cerro,,,4134,,,-34.228372300,-69.914227600,Vn Maipo_16,,
215,Borbollon,Cerro,,,4197,,,-34.249204300,-69.971175500,Vn Maipo_18,,
216,Pico de Rio Bayo,Cerro,,,4921,,,-34.284205300,-69.898117200,Vn Maipo_19,,
217,P4395,Innominado,,,4395,,,-34.294481300,-69.990066500,Vn Maipo_21,,
218,Listado,Cerro,,,4521,,,-34.300316700,-69.877838900,Vn Maipo_22,,
219,Lomita Blanca,Cerro,,,4282,,,-34.031423900,-70.231182500,Cerro Catedral_1,,
220,Pistacho,Cerro,,,4279,,,-34.031701800,-70.225626700,Cerro Catedral_1B,,
221,Azufre,Cerro,,,4396,,,-34.030035400,-70.214515000,Cerro Catedral_2,,
222,P4389,Innominado,,,4389,,,-34.040590300,-70.245072400,Cerro Catedral_3,,
223,P4091,Innominado,,,4091,,,-34.041979800,-70.210348500,Cerro Catedral_3B,,
224,Mirador del Extravio,Cerro,,,4394,,,-34.045034600,-70.246461400,Cerro Catedral_4,,
225,Cabeza de Novillo,Cerro,,,4482,,,-34.046702700,-70.170068800,Cerro Catedral_5,,
226,Manantial Redondo,Cerro,,,4172,,,-34.041426800,-70.073952800,Cerro Catedral_6,,
227,Azul,Cerro,,,4423,,,-34.056423400,-70.247850700,Cerro Catedral_7,,
228,Alfalfalito,Cerro,,,3532,,,-34.074758600,-70.137567900,Cerro Catedral_8,,
229,Plomo,Cerro,,,3738,,,-34.070871000,-70.067008800,Cerro Catedral_9,,
230,Amarillo,Cerro,,,4098,,,-34.072535800,-70.170069500,Cerro Catedral_10,,
231,P4343,Innominado,,,4343,,,-34.097813400,-70.164792100,Cerro Catedral_11,,
232,Potrerillo Alto,Cerro,,,3668,,,-34.090867800,-70.230906300,Cerro Catedral_12,,
233,Del Valle,Cerro,,,4414,,,-34.120035800,-70.141736000,Cerro Catedral_13,,
234,P4299,Innominado,,,4299,,,-34.106702800,-70.128957300,Cerro Catedral_14,,
235,Gendarme,Cerro,,,4445,,,-34.138368200,-70.182571900,Cerro Catedral_15,,
236,Champagnat Nor-Este,Cerro,,,4027,,,-34.136423300,-70.206461900,Cerro Catedral_16,,
237,Alto del Potrerillo,Cerro,,,3820,,,-34.151145100,-70.220907500,Cerro Catedral_17,,
238,San Joaquín,Cerro,,,3852,,,-34.152537700,-70.024508900,Cerro Catedral_18,,
239,Champagnat Sur,Cerro,,,3980,,,-34.140034400,-70.207573200,Cerro Catedral_19,,
240,de Flores,Nevado,,,4883,,,-34.142314200,-70.162442200,Cerro Catedral_20,,
241,de Flores,Torre,,,4890,,,-34.157546700,-70.162636200,Cerro Catedral_21,,
242,Ventisquero,Punta,,,4762,,,-34.161701800,-70.153682200,Cerro Catedral_22,,
243,del Rio Blanco,Cerro,,,3984,,,-34.164481200,-70.064233400,Cerro Catedral_23,,
244,Punta Gualtatas de Flores,Cerro,,,3638,,,-34.155311800,-70.217296300,Cerro Catedral_24,,
245,P4681,Innominado,,,4681,,,-34.166422400,-70.239242100,Cerro Catedral_25,,
246,P4451,Innominado,,,4451,,,-34.172257400,-70.146737700,Cerro Catedral_26,,
247,P4340,Innominado,,,4340,,,-34.179203100,-70.074234300,Cerro Catedral_27,,
248,Puntilla I de Flores,Cerro,,,4429,,,-34.185261600,-70.171184700,Cerro Catedral_28,,
249,P4502,Innominado,,,4502,,,-34.180590400,-70.160627500,Cerro Catedral_29,,
250,Puntilla II de Flores,Cerro,,,4329,,,-34.186126800,-70.178853300,Cerro Catedral_30,,
251,Puntilla III de Flores,Cerro,,,4217,,,-34.195034100,-70.190629400,Cerro Catedral_31,,
252,Puntilla IV de Flores,Cerro,,,4077,,,-34.198922800,-70.199241000,Cerro Catedral_32,,
253,Serrucho,Cerro,,,4765,,,-34.197258400,-70.077568300,Cerro Catedral_33,,
254,Torre de Pangal,Cerro,,,4508,,,-34.200867900,-70.166183900,Cerro Catedral_34,,
255,Puntilla Baja de Flores,Cerro,,,3467,,,-34.207255700,-70.215908700,Cerro Catedral_36,,
256,Diablo,Cerro,,,4202,,,-34.207535300,-70.119515100,Cerro Catedral_37,,
257,Federico,Cerro,,,3847,,,-34.220987500,-70.012877000,Cerro Catedral_38,,
258,Catedral del Barroso,Cerro,,,4668,,,-34.222814200,-70.052845500,Cerro Catedral_39,,
259,Circo,Cerro,,,4589,,,-34.242814000,-70.049234800,Cerro Catedral_40,,
260,P4343,Innominado,,,4343,,,-34.098749000,-70.165256000,Cerro Catedral_-,,
261,P4229,Cerro,,,4299,,,-34.107522000,-70.129213000,Cerro Catedral_-,,
262,Cruz del Muerto,Cerro,,,3201,,,-34.045865400,-70.383412700,Sewell_1,,
263,Extravio,Cerro,,,3596,,,-34.049755000,-70.340910700,Sewell_2,,
264,Vizcachas,Cerro,,,3620,,,-34.056699900,-70.315076300,Sewell_3,,
265,Penitentes,Cerro,,,4197,,,-34.070589600,-70.262018400,Sewell_4,,
266,P3820,Innominado,,,3820,,,-34.075310900,-70.307298600,Sewell_5,,
267,Los Patos,Cerro,,,2242,,,-34.070863800,-70.451750100,Sewell_6,,
268,P3912,Innominado,,,3912,,,-34.094477700,-70.291465000,Sewell_7,,
269,Potrerillo Vargas,Cerro,,,3510,,,-34.112255700,-70.272297900,Sewell_8,,
270,Lomas Bayas,Cerro,,,3363,,,-34.113642800,-70.366747000,Sewell_9,,
271,P3772,Innominado,,,3772,,,-34.106421100,-70.340078800,Sewell_10,,
272,Matancilla,Cerro,,,3728,,,-34.130587700,-70.330079000,Sewell_11,,
273,Durazno,Cerro,,,2810,,,-34.133363600,-70.428695100,Sewell_12,,
274,Morro La Piedra,Cerro,,,3170,,,-34.145308800,-70.383693200,Sewell_13,,
275,Valdenegro,Cerro,,,3567,,,-34.150587800,-70.314523200,Sewell_14,,
276,Gualtatas de Río Blanco,Cerro,,,3156,,,-34.152532500,-70.300633700,Sewell_15,,
277,Cuchilla,Cerro,,,3257,,,-34.157254200,-70.328135200,Sewell_16,,
278,Niebla,Cerro,,,2362,,,-34.207530400,-70.383972600,Sewell_17,,
279,Aguja de Caracoles,Cerro,,,2160,,,-34.231232700,-70.369184400,Sewell_18,,
280,Socavones,Cerro,,,2760,,,-34.237808500,-70.350082900,Sewell_19,,
281,San Jose Norte,Cerro,Plantat/Espíritu Santo,Volcán,5740,,,-33.768099400,-69.903103700,Vn San Jose_1,,
282,P4157,Innominado,,,4157,,,-33.754209100,-69.986996400,Vn San Jose_2,,
283,Camanchaca,Punta,,,4007,,,-33.762638900,-69.990277800,Vn San Jose_3,,
284,P5612,Innominado,La Engorda,Volcán,5612,,,-33.758099200,-69.916159600,Vn San Jose_4,,
285,Equivocados,Punta,,,4139,,,-33.754888900,-69.986611100,Vn San Jose_5,,
286,Marisemberg,Cerro,,,4120,,,-33.753089500,-69.985635200,Vn San Jose_6,,
287,Torreones,Punta,,,3602,,,-33.777264200,-69.997553100,Vn San Jose_7,,
288,San José,Volcán,,,5856,,,-33.788527800,-69.896027800,Vn San Jose_8,,
289,San Josecito,Punta,,,3456,,,-33.805151100,-69.968872300,Vn San Jose_11,,
290,Manutara,Cerro,Manu Tara,Cerro,4529,,,-33.831361100,-69.897500000,Vn San Jose_12,,
291,Panamericano,Cerro,,,4493,,,-33.847916700,-69.898194400,Vn San Jose_13,,
292,Andrade,Cerro,,,4062,,,-33.839361100,-69.943861100,Vn San Jose_14,,
293,Amarillo,Cerro,,,4221,,,-33.877000000,-69.899694400,Vn San Jose_15,,
294,Colina Norte,Pico,,,4296,,,-33.881277800,-69.867027800,Vn San Jose_16,,
295,P4448,Innominado,,,4448,,,-33.884765700,-69.857271200,Vn San Jose_17,,
296,Colina Oriente,Pico,,,4490,,,-33.891432300,-69.855882400,Vn San Jose_18,,
297,Colina Sur,Pico,,,4620,,,-33.898583300,-69.862666700,Vn San Jose_19,,
298,Portillo,Punta,,,4181,,,-33.914111100,-69.875805600,Vn San Jose_20,,
299,Puntiagudo,Cerro,,,4126,,,-33.905166700,-69.963472200,Vn San Jose_21,,
300,Negro,Morro,,,4276,,,-33.916305600,-69.961638900,Vn San Jose_22,,
301,P4260,Innominado,,,4260,,,-33.937150100,-69.913169000,Vn San Jose_23,,
302,P3985,Innominado,,,3985,,,-33.940040400,-69.993668300,Vn San Jose_24,,
303,Chancaca,Cerro,,,4059,,,-33.950000000,-69.991666700,Vn San Jose_25,,
304,Manchado,Cerro,,,5385,,,-33.963194400,-69.853500000,Vn San Jose_26,,
305,Castillo,Cerro,,,5468,,,-33.976944400,-69.888194400,Vn San Jose_27,,
306,P5062,Innominado,,,5062,,,-33.970875200,-69.899497800,Vn San Jose_28,,
307,P5009,Innominado,,,5009,,,-33.984764900,-69.845051000,Vn San Jose_29,,
308,P4396,Innominado,,,4396,,,-33.977818600,-69.949778200,Vn San Jose_30,,
309,P4290,Innominado,,,4290,,,-33.983930400,-69.911443200,Vn San Jose_31,,
310,Gallardo,Punta,P4271,Cerro,4271,4250,,-33.934027800,-69.969027800,Vn San Jose_-,,
311,P4512,Cerro,,,,,,-33.939960000,-69.892289000,Vn San Jose_-,,
312,P4412,Cerro,,,,,,-33.958223000,-69.933761000,Vn San Jose_-,,
313,P4566,Cerro,,,,,,-33.997203000,-69.884086000,Vn San Jose_-,,
314,Cuba,Punta,,,4121,,,-33.860777800,-69.873361100,Vn San Jose_-,,
315,Unión,Cerro,,,3658,,,-33.755874500,-70.055055400,El Volcan_1,1,
316,Arenas,Cerro,,,4366,,,-33.758575000,-70.014084300,El Volcan_2,1,
317,Balcón,Punta,,,3516,,,-33.765874700,-70.035054600,El Volcan_3,1,
318,Canaletas,Punta,,,4055,,,-33.761984700,-70.097557600,El Volcan_4,1,
319,San Gabriel,Cerro,,,3125,,,-33.756704900,-70.212841000,El Volcan_5,1,
320,Pedro Rodríguez,Punta,,,3458,,,-33.763652200,-70.055611100,El Volcan_6,1,
321,Sin Nombre,Punta,,,3639,,,-33.783929000,-70.093669100,El Volcan_7,1,
322,Los Lunes,Cerro,,,3619,,,-33.784206400,-70.114225700,El Volcan_7B,1,
323,Rubillas Norte,Cerro,,,3503,,,-33.785318700,-70.050055900,El Volcan_8,1,
324,Rubillas Sur,Cerro,,,3427,,,-33.796429700,-70.050056200,El Volcan_9,1,
325,P3180,Innominado,,,3180,,,-33.793374400,-70.037555500,El Volcan_10,1,
326,Mirador del Rubillas,Cerro,,,3441,,,-33.787432600,-70.043771600,El Volcan_11,1,
327,Chacaya,Cerro,,,2839,,,-33.813095600,-70.081724800,El Volcan_12,1,
328,Gólgota,Punta,,,3501,,,-33.789207500,-70.050889400,El Volcan_13,1,
329,Ventanas,Punta,,,3144,,,-33.803652100,-70.036444600,El Volcan_14,1,
330,Zanzi,Punta,,,3250,,,-33.833929700,-70.029222800,El Volcan_15,1,
331,Catedral,Cerro,,,3838,,,-33.836108700,-70.012503900,El Volcan_16,1,
332,P3747,Innominado,,,3747,,,-33.840874400,-70.009222000,El Volcan_17,1,
333,Valdés,Cerro,,,3711,,,-33.848261800,-70.029164500,El Volcan_18,1,
334,Catedral Sur,Cerro,,,3799,,,-33.838096500,-70.017277900,El Volcan_19,1,
335,El Salto,Cerro,,,3520,,,-33.846337500,-70.137388200,El Volcan_20,1,
336,San Simon,Cerro,,,3580,,,-33.860038600,-70.132562000,El Volcan_21,1,
337,Retumbadero Norte,Cerro,,,3825,,,-33.865280500,-70.082593200,El Volcan_22,1,
338,Lagunas,Cerro,,,3785,,,-33.855596300,-70.022556400,El Volcan_23,1,
339,Corona,Cerro,,,4112,,,-33.880924000,-70.046717000,El Volcan_24,1,
340,Vega,Cerro,,,3955,,,-33.880874600,-70.057351900,El Volcan_25,1,
341,Retumbadero Alto,Cerro,,,3999,,,-33.875174700,-70.094388800,El Volcan_26,1,
342,Diente del Diablo,Cerro,,,3943,,,-33.886821300,-70.098400600,El Volcan_27,1,
343,Diablo,Cerro,,,4190,,,-33.902538800,-70.098116900,El Volcan_28,1,
344,P3987,Innominado,,,3987,,,-33.887540600,-70.012556700,El Volcan_29,1,
345,P4053,Innominado,,,4053,,,-33.899207100,-70.015890500,El Volcan_30,1,
346,P4105,Innominado,,,4105,,,-33.908928700,-70.042281000,El Volcan_31,1,
347,Carreño,Cerro,,,4198,,,-33.907540300,-70.016168600,El Volcan_32,1,
348,P4130,Innominado,,,4130,,,-33.920317400,-70.047281600,El Volcan_33,1,
349,Yesillo,Cerro,,,3616,,,-33.949760400,-70.110063200,El Volcan_34,1,
350,Extravio,Cerro,,,3911,,,-33.995036200,-70.191735200,El Volcan_35,1,
351,Piuquenes,Nevado,,,6019,,,-33.514769800,-69.835315900,Rio Yeso_1,1,2
352,Trono,Cerro,,,5477,,,-33.506158200,-69.865595000,Rio Yeso_2,1,
353,Bello,Cerro,,,5230,,,-33.519212400,-69.933098700,Rio Yeso_3,1,
354,Cuerno Blanco,Cerro,,,5038,,,-33.513378800,-69.951432800,Rio Yeso_4,1,
355,P5446,Innominado,,,5446,,,-33.510324900,-69.861428200,Rio Yeso_5,1,
356,P5928,Innominado,,,5928,,,-33.507269900,-69.832815600,Rio Yeso_6,1,2
357,P4620,Innominado,,,4620,,,-33.520600200,-69.995046200,Rio Yeso_7,1,
358,P4925,Innominado,,,4925,,,-33.526435200,-69.900319500,Rio Yeso_8,1,
359,Delgada,Aguja,,,4652,,,-33.531433500,-69.988935100,Rio Yeso_9,1,
360,Mirador del Yeso,Cerro,,,4537,,,-33.535323500,-69.927543300,Rio Yeso_10,1,
361,Hohf,Punta,,,4882,,,-33.530323500,-69.927543100,Rio Yeso_11,1,
362,P4812,Innominado,,,4812,,,-33.522268200,-69.918098000,Rio Yeso_12,1,
363,Yeguas Muertas,Cerro,,,4912,,,-33.526156200,-69.962822500,Rio Yeso_13,1,
364,Alto del Yeso,Cerro,,,5170,,,-33.536157200,-69.904486600,Rio Yeso_14,1,
365,Piramide,Cerro,,,5484,,,-33.543380000,-69.872262900,Rio Yeso_15,1,2
366,Aparejo,Cerro,Alemania,Punta,4794,,,-33.539488900,-69.991713200,Rio Yeso_16,1,
367,P4443,Innominado,Casa de la Bruja,Cerro,4443,,,-33.549489700,-69.944211100,Rio Yeso_17,1,
368,Universitaria,Punta,,,3927,,,-33.572434400,-69.974657800,Rio Yeso_18,1,
369,Cuerno Seco,Cerro,,,4020,,,-33.586989500,-69.933656000,Rio Yeso_19,1,
370,Mirador de Piuquenes,Cerro,,,4433,,,-33.607268100,-69.875598100,Rio Yeso_20,1,2
371,Quilpué,Cerro,,,4218,,,-33.618101300,-69.881154200,Rio Yeso_21,1,2
372,Rotario,Cerro,,,4083,,,-33.629490100,-69.876432100,Rio Yeso_22,1,2
373,P4034,Innominado,,,4034,,,-33.630601100,-69.884765800,Rio Yeso_23,1,
374,Puente Alto,Cerro,,,4239,,,-33.640601100,-69.875321200,Rio Yeso_25,1,2
375,Pastén,Cerro,,,4357,,,-33.646989900,-69.879210400,Rio Yeso_26,1,2
376,Marichiwew,Cerro,,,4539,,,-33.664487600,-69.992549900,Rio Yeso_27,1,
377,P5068,Innominado,,,5068,,,-33.686154300,-69.979494200,Rio Yeso_28,1,
378,Loma Larga - Cumbre Oeste,Cerro,,,5385,,,-33.686431900,-69.993939400,Rio Yeso_29,1,
379,Loma Larga - Cumbre Este,Cerro,Amarilla,Punta,5375,,,-33.686154200,-69.985327800,Rio Yeso_30,1,
380,Loma Larga - Cumbre Central,Cerro,Chile,Punta,5404,,,-33.686709700,-69.988383600,Rio Yeso_31,1,
381,P5399,Innominado,,,5399,,,-33.701156200,-69.871433700,Rio Yeso_32,1,
382,Marmolejo Norte,Cerro,,,5964,,,-33.716711700,-69.865322700,Rio Yeso_33,1,
383,Palomares,Nevado,Marmolejo Este,Cerro,5934,,,-33.714212000,-69.851710800,Rio Yeso_34,2,
384,Italia,Punta,,,4863,,,-33.717820300,-69.998107100,Rio Yeso_35,1,
385,Cortaderas,Cerro,,,5197,,,-33.703931600,-69.998662300,Rio Yeso_36,1,
386,P4260,Innominado,Venezuela,Punta,4260,,,-33.705876900,-69.952826800,Rio Yeso_37,1,
387,Freile,Cerro,,,4598,,,-33.731709200,-69.990607100,Rio Yeso_38,1,
388,Brasil,Punta,,,4594,,,-33.730875700,-70.001996500,Rio Yeso_39,1,
389,Marmolejo,Cerro,,,6108,,,-33.734489000,-69.878101600,Rio Yeso_40,1,
390,Escondido,Morro,,,4442,,,-33.741709100,-69.992829700,Rio Yeso_41,1,
391,Chile,Punta,,,4377,,,-33.743837700,-69.989019100,Rio Yeso_42,1,
392,Mohai,Cerro,,,4368,,,-33.745318400,-69.984285300,Rio Yeso_43,1,
393,Veleta,Punta,,,4305,,,-33.735734400,-69.995752700,Rio Yeso_44,1,
394,Pirámide,Cerro,,,4157,,,-33.532710900,-70.007324900,Embalse Yeso_1,1,
395,Tambillos,Cerro,,,4254,,,-33.531710100,-70.051716000,Embalse Yeso_2,1,
396,Alto de los Bronces,Cerro,,,4046,,,-33.544207900,-70.165055200,Embalse Yeso_3,1,
397,Alto de las Amarillas,Cerro,,,4143,,,-33.549485800,-70.157832800,Embalse Yeso_4,1,
398,Casa de Piedra - Cumbre Oeste,Cerro,,,4508,,,-33.543848800,-70.057716600,Embalse Yeso_5,1,
399,Casa de Piedra,Cerro,,,4542,,,-33.545598800,-70.053938700,Embalse Yeso_7,1,
400,Casa de Piedra - Cumbre Noreste,Cerro,,,4485,,,-33.542821100,-70.050882900,Embalse Yeso_8,1,
401,Pico de Loro,Cerro,,,4397,,,-33.545126800,-70.043965900,Embalse Yeso_10,1,
402,El Muro,Cerro,,,4364,,,-33.547793500,-70.041882600,Embalse Yeso_12,1,
403,Punta Aguila Azul,Cerro,,,3987,,,-33.541985900,-70.154221300,Embalse Yeso_13,1,
404,P4503,Innominado,,,4503,,,-33.545182100,-70.055772100,Embalse Yeso_14,1,
405,P4225,Innominado,,,4225,,,-33.553932900,-70.007269900,Embalse Yeso_15,1,
406,P3986,Innominado,,,3986,,,-33.555597600,-70.114775300,Embalse Yeso_16,1,
407,Punta Maccio,Cerro,,,4125,,,-33.554988000,-70.033465700,Embalse Yeso_16B,1,
408,P4571,Innominado,,,4571,,,-33.560626200,-70.068578700,Embalse Yeso_17,1,
409,Granito,Cerro,,,4097,,,-33.565875200,-70.121442500,Embalse Yeso_18,1,
410,Aguja Seleccion,Cerro,,,4083,,,-33.561571400,-70.025882100,Embalse Yeso_19,1,
411,Punta Ona,Cerro,,,3800,,,,,Embalse Yeso_19B,1,
412,Aguja Helada,Cerro,,,4655,,,-33.566431700,-70.067551000,Embalse Yeso_20,1,
413,P4127,Innominado,,,4127,,,-33.581708000,-70.141721700,Embalse Yeso_21,1,
414,Punta del Paraiso,Cerro,,,3976,,,-33.575235700,-70.149471900,Embalse Yeso_22,1,
415,Punta Observatorio,Cerro,,,4050,,,-33.597764500,-70.077357800,Embalse Yeso_23,1,
416,Echaurren,Cerro,,,4203,,,-33.591152100,-70.150889100,Embalse Yeso_24,1,
417,Punta Aya - (Dientes del Echaurren),Cerro,,,4028,,,-33.593096900,-70.133388300,Embalse Yeso_25,1,
418,Piuquencillo,Cerro,,,4047,,,-33.600595800,-70.187280000,Embalse Yeso_26,1,
419,Negro,Pico,,,4430,,,-33.594487100,-70.062829300,Embalse Yeso_27,1,
420,Andino,Punta,,,4240,,,-33.602820400,-70.060051600,Embalse Yeso_28,1,
421,Negra,Punta,,,4127,,,-33.616709100,-70.059774100,Embalse Yeso_29,1,
422,Mesón Alto,Cerro,,,5257,,,-33.681708900,-70.035885800,Embalse Yeso_30,1,
423,Gervasutti,Punta,,,5253,,,-33.684764500,-70.033941300,Embalse Yeso_31,1,
424,Reina,Cerro,,,4755,,,-33.673792500,-70.025329500,Embalse Yeso_32,1,
425,Ciervo,Cerro,,,4160,,,-33.695041500,-70.068943300,Embalse Yeso_33,1,
426,Saavedra,Punta,,,5190,,,-33.694208700,-70.039497400,Embalse Yeso_34,1,
427,Cacharro,Punta,,,4441,,,-33.706430700,-70.043942400,Embalse Yeso_35,1,
428,Peladeros,Cerro,,,3886,,,-33.690038900,-70.214783700,Embalse Yeso_36,1,
429,Dedo de Dama,Cerro,,,3780,,,-33.704761000,-70.208672700,Embalse Yeso_37,1,
430,Jorge San Martin,Cerro,,,4471,,,-33.713097200,-70.049220600,Embalse Yeso_38,1,
431,Yamakawa,Punta,Cielo Amarillo,Punta,4967,,,-33.709209200,-70.005607200,Embalse Yeso_39,1,
432,Morado,Cerro,,,4647,,,-33.729485700,-70.064777400,Embalse Yeso_40,1,
433,Morado Sur,Cerro,,,4490,,,-33.737263200,-70.071444600,Embalse Yeso_41,1,
434,San Lorenzo,Cerro,,,3220,,,-33.720872000,-70.207006400,Embalse Yeso_42,1,
435,Punta Carancho,Cerro,,,4108,,,-33.721911500,-70.050795000,Embalse Yeso_43,1,
436,Placas,Cerro,,,4672,,,-33.746431000,-70.009775100,Embalse Yeso_44,1,
437,Mirador del Morado,Cerro,,,3883,,,-33.746707600,-70.068944700,Embalse Yeso_45,1,
438,San Francisco,Cerro,,,4345,,,-33.747540600,-70.088945700,Embalse Yeso_46,1,
439,P3149,Innominado,,,3149,,,-33.507231200,-70.442901700,San Jose de Maipo_1,1,
440,Loma Las Vegas,Cerro,,,2608,,,-33.516982400,-70.360064100,San Jose de Maipo_2,1,
441,Las Minillas,Cerro,,,2483,,,-33.536115400,-70.479406500,San Jose de Maipo_3,1,
442,Manzanito,Cerro,,,2438,,,-33.538091900,-70.433957200,San Jose de Maipo_4,1,
443,La Tinaja,Cerro,,,2509,,,-33.591705000,-70.297285200,San Jose de Maipo_5,1,
444,Morro Bayo,Cerro,,,2655,,,-33.616427500,-70.270895700,San Jose de Maipo_6,1,
445,Morro Purgatorio,Cerro,,,2252,,,-33.624202000,-70.438681900,San Jose de Maipo_7,1,
446,Morro Doña Isidora,Cerro,,,2340,,,-33.642258300,-70.389791100,San Jose de Maipo_8,1,
447,Los Azules,Cerro,,,2436,,,-33.741700300,-70.466742000,San Jose de Maipo_9,1,
448,Sin Nombre,Cerro,,,2815,,,-33.686982200,-70.273953200,San Jose de Maipo_10,1,
449,Cruzada Las Hormigas,Cerro,,,2532,,,-33.686701300,-70.442572600,San Jose de Maipo_11,1,
450,La Chupalla,Cerro,,,2193,,,-33.734759500,-70.276454600,San Jose de Maipo_12,1,
451,Toro Seco,Cerro,,,2394,,,-33.749201500,-70.398683300,San Jose de Maipo_13,1,
452,Punta Horizonte,Cerro,,,2374,,,-33.750869100,-70.345347300,San Jose de Maipo_14,1,
453,Polleritas,Cerro,,,5447,,,-33.266437500,-69.916702400,Tupungato_1,,
454,Chimbote,Cerro,,,5493,,,-33.283936800,-69.942537500,Tupungato_2,,
455,Sierra Bella,Cerro,,,5275,,,-33.273530500,-69.833798400,Tupungato_3,,
456,Orientacion,Cerro,,,5020,,,-33.286717100,-69.801419500,Tupungato_4,,
457,Toscas,Cerro,,,5036,,,-33.288658700,-69.956982800,Tupungato_5,,
458,Gran Bizcocho (Cordon),Cerro,,,4576,,,-33.300049200,-69.864478500,Tupungato_6,,
459,Catedral,Cerro,,,5334,,,-33.312824700,-69.983651400,Tupungato_7,,
460,Ortega,Cerro,,,4561,,,-33.345324600,-69.970040400,Tupungato_8,,
461,Tupungato,Volcán,,,6570,,,-33.358661400,-69.771142000,Tupungato_10,,
462,Tupungatito,Volcán,,,5550,,,-33.390604700,-69.816145100,Tupungato_11,,
463,Punta Meier,Cerro,,,5908,,,-33.415882600,-69.797811500,Tupungato_12,,
464,P5382,Innominado,,,5382,,,-33.409215100,-69.843091400,Tupungato_13,,
465,Los Negros,Cerro,,,4520,,,-33.411158500,-69.899760900,Tupungato_14,,
466,Museo,Cerro,,,4196,,,-33.434490500,-69.963375700,Tupungato_15,,
467,Nevado sin Nombre,Cerro,,,5933,,,-33.423938100,-69.797811700,Tupungato_16,,
468,P5781,Innominado,,,5781,,,-33.428381900,-69.828091100,Tupungato_17,,
469,El Barco,Cerro,,,4547,,,-33.452547800,-69.858093200,Tupungato_18,,
470,P5984,Innominado,,,5984,,,-33.455048400,-69.821147000,Tupungato_20,,
471,Alto,Cerro,,,6148,,,-33.468381700,-69.815313700,Tupungato_19,,
472,Mesetas,Cerro,,,6030,,,-33.473381500,-69.823925400,Tupungato_22,,
473,P5838,Innominado,,,5838,,,-33.481714700,-69.830037000,Tupungato_21,,
474,P5868,Innominado,,,5868,,,-33.497270000,-69.832259800,Tupungato_24,,
475,Kobe,Cerro,,,5067,,,-33.501990100,-69.948932300,Tupungato_23,,
476,Punta Verde,Cerro,,,4735,,,-33.261987800,-70.204772000,Rio Olivares_1,1,
477,P4789,Innominado,,,4789,,,-33.282545400,-70.082266500,Rio Olivares_2,1,
478,Solari,Cerro,,,5325,,,-33.270324100,-70.038653000,Rio Olivares_3,1,
479,Roth,Cerro,,,5335,,,-33.274768200,-70.051431500,Rio Olivares_4,1,
480,Roth Antecumbre Oeste,Cerro,,,5018,,,-33.277268000,-70.065876700,Rio Olivares_5,1,
481,P5133,Innominado,,,5133,,,-33.276435300,-70.026985900,Rio Olivares_6,1,
482,Bismarck,Cerro,,,4650,,,-33.272493700,-70.198206600,Rio Olivares_7,1,
483,P4943,Innominado,,,4943,,,-33.302546500,-70.010874700,Rio Olivares_8,1,
484,P4692,Innominado,,,4692,,,-33.298934200,-70.078933500,Rio Olivares_9,1,
485,Pintor,Cerro,,,4180,,,-33.289195000,-70.249004300,Rio Olivares_12,1,
486,Cepo,Cerro,,,4309,,,-33.307610200,-70.187273900,Rio Olivares_13,1,
487,P4720,Innominado,,,4720,,,-33.319767400,-70.075878300,Rio Olivares_14,1,
488,P4384,Innominado,,,4384,,,-33.335045000,-70.074211900,Rio Olivares_15,1,
489,Morro Rabicano,Cerro,,,4897,,,-33.333657400,-70.005319600,Rio Olivares_18,1,
490,Lagruca,Cerro,,,4109,,,-33.320320900,-70.182550200,Rio Olivares_19,1,
491,Klatt,Cerro,,,4182,,,-33.330876400,-70.181439300,Rio Olivares_20,1,
492,P4391,Innominado,,,4391,,,-33.350600500,-70.070878900,Rio Olivares_21,1,
493,P4578,Innominado,,,4578,,,-33.360044600,-70.084768700,Rio Olivares_22,1,
494,Bávaro,Cerro,,,4085,,,-33.366154000,-70.174495500,Rio Olivares_25,1,
495,Laguna,Cerro,,,4120,,,-33.374764600,-70.193663300,Rio Olivares_26,1,
496,P3942,Innominado,,,3942,,,-33.378653900,-70.169217800,Rio Olivares_27,1,
497,Alto del Coironal (cumbre central),Cerro,Negro Siam,,4756,,,-33.373558000,-70.085577300,Rio Olivares_28,1,
498,Alto del Chacayal,Cerro,,,4528,,,-33.400321800,-70.089492200,Rio Olivares_29,1,
499,Capitán del Quempo,Cerro,,,4157,,,-33.390319900,-70.203108600,Rio Olivares_30,1,
500,Teniente del Quempo,Cerro,,,4156,,,-33.397542200,-70.195886200,Rio Olivares_31,1,
501,Sargento Este,Cerro,,,3792,,,-33.395875200,-70.214776000,Rio Olivares_31B,1,
502,Sargento Oeste,Cerro,,,3808,,,-33.399764000,-70.217554000,Rio Olivares_32,1,
503,P4056,Innominado,,,4056,,,-33.410319800,-70.193664200,Rio Olivares_33,1,
504,P4389,Innominado,,,4389,,,-33.415043900,-70.089770300,Rio Olivares_34,1,
505,P4265,Innominado,,,4265,,,-33.432266100,-70.081992600,Rio Olivares_35,1,
506,P4030,Innominado,,,4030,,,-33.421708700,-70.190886600,Rio Olivares_36,1,
507,P3897,Innominado,,,3897,,,-33.434208500,-70.191164700,Rio Olivares_37,1,
508,P3830,Innominado,,,3830,,,-33.442541900,-70.186998100,Rio Olivares_38,1,
509,Alto del Tofo (Cordon El Dique),Cerro,,,3960,,,-33.445043800,-70.082826300,Rio Olivares_39,1,
510,Manchón,Cerro,,,3720,,,-33.258930300,-70.313944000,Farellones_1,1,
511,Carpa,Cerro,,,2776,,,-33.254205300,-70.468118100,Farellones_2,1,
512,Conchalí,Cerro,,,2552,,,-33.266982700,-70.479785600,Farellones_3,1,
513,Canoitas,Cerro,,,2650,,,-33.296150800,-70.386726300,Farellones_4,1,
514,Parva,Cerro,,,4047,,,-33.301690300,-70.258515100,Farellones_5,1,
515,Falsa Parva,Cerro,,,3888,,,-33.312610600,-70.265961700,Farellones_6,1,
516,Boiniguita,Cerro,,,2220,,,-33.328650200,-70.400338900,Farellones_7,1,
517,del Medio,Cerro,,,2326,,,-33.326151300,-70.342836000,Farellones_8,1,
518,Loma de la Vaca,Cerro,,,2030,,,-33.341705100,-70.428396200,Farellones_9,1,
519,Colorado,Cerro,,,3339,,,-33.346072200,-70.269774400,Farellones_10,1,
520,Pochoco,Cerro,,,1804,,,-33.353395600,-70.456862500,Farellones_11,1,
521,Cebolla,Cerro,,,2470,,,-33.401706700,-70.310336400,Farellones_13,1,
522,Ñipa,Cerro,,,2347,,,-33.399482600,-70.414785900,Farellones_12,1,
523,Covarrubias,Cerro,,,2365,,,-33.427816400,-70.372284600,Farellones_14,1,
524,Provincia,Cerro,,,2750,,,-33.425870800,-70.435065400,Farellones_15,1,
525,del Tambor,Morro,,,2893,,,-33.452259600,-70.428121300,Farellones_16,1,
526,San Ramón,Cerro,,,3253,,,-33.485592300,-70.439233800,Farellones_17,1,
527,Abanico,Morro,,,2152,,,-33.484731400,-70.473516600,Farellones_18,1,
528,La Polvareda,Cerro,,,3738,,,-33.280875100,-70.281998500,Farellones_19,1,
529,P5083,Innominado,,,5083,,,-33.005605400,-69.985310200,Polleras_1,2,
530,P5215,Innominado,,,5215,,,,,Polleras_3,2,
531,P5300,Innominado,,,5300,,,,,Polleras_4,2,
532,P5160,Innominado,,,5160,,,-33.048383400,-69.952254100,Polleras_6,2,
533,P5082,Innominado,,,5082,,,-33.055605600,-69.948365200,Polleras_7,2,
534,P5286,Innominado,,,5286,,,-33.069494300,-69.950587900,Polleras_8,2,
535,P5172,Innominado,,,5172,,,-33.091716300,-69.950588500,Polleras_9,2,
536,P5306,Innominado,,,5306,,,-33.105327200,-69.953922300,Polleras_10,2,
537,P5040,Innominado,,,5040,,,-33.121716200,-69.941977700,Polleras_11,2,
538,Polleras - AC Norte 3,Cerro,,,4786,,,-33.205049600,-69.890588400,Polleras_20,2,
539,Polleras - AC Este 3,Cerro,,,4781,,,-33.236716400,-69.870032700,Polleras_21,2,
540,Polleras - AC Norte 2,Cerro,,,5330,,,-33.227549100,-69.907812100,Polleras_22,2,
541,Polleras - AC Oeste,Cerro,,,5458,,,-33.244770600,-69.935869500,Polleras_23,2,
542,Polleras - AC Este 1,Cerro,,,5375,,,-33.243104600,-69.905034600,Polleras_24,2,
543,Polleras - AC Este 2,Cerro,,,5136,,,-33.245326900,-69.895311900,Polleras_25,2,
544,Polleras,Cerro,,,5993,,,-33.244995100,-69.916743800,Polleras_26,1,2
545,Polleras - Cumbre Oeste,Cerro,,,5970,,,-33.247143700,-69.921763500,Polleras_27,1,2
546,Polleras - AC Norte 1,Cerro,,,5683,,,-33.237826600,-69.916146100,Polleras_28,2,
547,Mono Verde,Cerro,,,4524,,,-33.009493100,-70.050035700,Cordon Piuquenes_1,1,
548,Alto de los Leones,Cerro,,,5380,,,-33.008380500,-70.135595500,Cordon Piuquenes_3,1,
549,P5217,Innominado,,,5217,,,-33.013380600,-70.124206100,Cordon Piuquenes_4,1,
550,P5166,Innominado,,,5166,,,-33.015603000,-70.116150200,Cordon Piuquenes_5,1,
551,Cumbre Rascacielos,Cerro,,,4900,,,-33.020864800,-70.078544300,Cordon Piuquenes_6,1,
552,P4815,Innominado,,,4815,,,-33.028381800,-70.052258500,Cordon Piuquenes_7,1,2
553,Valentín Ugarte,Cerro,,,4666,,,-33.032271100,-70.026979600,Cordon Piuquenes_8,1,
554,Juncal - AC Norte,Nevado,,,5392,,,-33.029492400,-70.080593300,Cordon Piuquenes_9,1,2
555,Fugaz,Punta,,,4265,,,-33.022268000,-70.203932500,Cordon Piuquenes_10,1,
556,Juncal - Cumbre Sur,Nevado,,,5925,,,-33.051829300,-70.094201000,Cordon Piuquenes_11,1,2
557,Juncal - Cumbre Chilena,Nevado,,,5953,,,-33.051714000,-70.101428200,Cordon Piuquenes_12,1,
558,Columna,Cerro,de los Leones,Nevado,5660,,,-33.037547300,-70.113095100,Cordon Piuquenes_13,1,
559,Negro (del Juncal),Cerro,,,5295,,,-33.047270400,-70.059759400,Cordon Piuquenes_14,1,
560,Juncal,Nevado,,,5966,,,-33.044023500,-70.085803400,Cordon Piuquenes_15,1,2
561,Alto del Potrero Escondido,Cerro,,,4986,,,-33.056095600,-70.168414100,Cordon Piuquenes_17,1,
562,Alto del Potrero Escondido - Cumbre Este,Cerro,,,4810,,,-33.055934500,-70.161907700,Cordon Piuquenes_18,1,
563,Alto del Potrero Escondido - Cumbre Sur,Cerro,,,4682,,,-33.067545800,-70.175321100,Cordon Piuquenes_19,1,
564,Amistad,Punta,de la Amistad,Cerro,5210,,,-33.061992100,-70.077538400,Cordon Piuquenes_20,1,2
565,Juncal Chico,Cerro,,,5617,,,-33.071667500,-70.113219200,Cordon Piuquenes_21,1,
566,Juncal Chico - Cumbre Central,Cerro,,,5602,,,-33.073906100,-70.111436900,Cordon Piuquenes_22,1,
567,Lucía-Dinamarca,Cerro,del Barriga,Alto,4498,,,-33.070600900,-70.198933500,Cordon Piuquenes_23,1,
568,Policha,Punta,,,4718,,,-33.081157700,-70.128930300,Cordon Piuquenes_24,1,
569,Olivares,Nevado,,,5005,,,-33.097949900,-70.162167400,Cordon Piuquenes_25,1,
570,Asociación,Cerro,,,4775,,,-33.101925900,-70.179150300,Cordon Piuquenes_26,1,
571,El Paso,Cerro,,,4811,,,-33.088935400,-70.128930500,Cordon Piuquenes_27,1,
572,del Plomo,Nevado,,,6070,,,-33.103658600,-70.066150000,Cordon Piuquenes_28,1,2
573,El Hombro,Punta,,,4875,,,-33.093771100,-70.148488100,Cordon Piuquenes_29,1,
574,P4730,Innominado,,,4730,,,-33.093379600,-70.138097700,Cordon Piuquenes_30,1,
575,P4708,Innominado,,Patricia?,4708,,,-33.095601900,-70.131430800,Cordon Piuquenes_31,1,
576,Barriga,Nevado,,,4560,,,-33.101156400,-70.187822600,Cordon Piuquenes_32,1,
577,P5556,Innominado,del Plomo - Cumbre Sur,Nevado,5556,,,-33.121583200,-70.075805000,Cordon Piuquenes_33,1,2
578,Anec,Cerro,,,4907,,,-33.110322700,-70.199490100,Cordon Piuquenes_34,1,
579,Picarte,Cerro,,,5060,,,-33.112268000,-70.155043500,Cordon Piuquenes_35,1,
580,Dorado,Cerro,Picarte Norte,Cerro,4962,,,-33.106434800,-70.152543200,Cordon Piuquenes_36,1,
581,Federación,Cerro,Sierra Blanca,Nevado,4997,,,-33.122823500,-70.148099000,Cordon Piuquenes_37,1,
582,Bahamonde,Cerro,,,4911,,,-33.124083800,-70.199500500,Cordon Piuquenes_38,1,
583,sin Nombre,Punta,,,4822,,,-33.128933300,-70.218936000,Cordon Piuquenes_39,1,
584,Alto del Moradito,Cerro,,,4807,,,-33.134211000,-70.222825200,Cordon Piuquenes_40,1,
585,del Rincón,Nevado,Bologna,Cerro,5538,,,-33.131436200,-70.056983600,Cordon Piuquenes_41,1,2
586,Mirador del Olivares,Cerro,,,4416,,,-33.141828700,-70.182881800,Cordon Piuquenes_42,1,
587,Negro,Cerro,de la Copa,Cerro,4928,,,-33.139488500,-70.235603700,Cordon Piuquenes_43,1,
588,Risopatrón,Cerro,,,5720,,,-33.152533500,-70.065379000,Cordon Piuquenes_44,1,
589,Barentín,Cerro,,,4728,,,-33.150877600,-70.213658500,Cordon Piuquenes_45,1,
590,Iver,Punta,,,4723,,,-33.147544100,-70.226992400,Cordon Piuquenes_46,1,
591,Sheirap,Punta,Sherpa,Punta,4581,,,-33.155599500,-70.228937100,Cordon Piuquenes_47,1,
592,Leonor,Punta,,,4665,,,-33.158932800,-70.230881800,Cordon Piuquenes_48,1,
593,La Cuña,Punta,,,4582,,,-33.165599200,-70.239215700,Cordon Piuquenes_49,1,
594,Loma Rabona,Cerro,Divisorio,Cerro,3910,,,-33.163304300,-70.131178400,Cordon Piuquenes_50,1,
595,P5363,Innominado,,,5363,,,-33.156157800,-70.081429900,Cordon Piuquenes_51,1,
596,Tronco - AC Oeste,Cerro,,,5290,,,-33.178935500,-70.072263400,Cordon Piuquenes_52,1,
597,Amarilla,Punta,,,4565,,,-33.171988000,-70.241993800,Cordon Piuquenes_53,1,
598,Chávez,Cerro,,,4830,,,-33.184489100,-70.178379800,Cordon Piuquenes_54,1,
599,Altar,Cerro,,,5180,,,-33.186960100,-70.243077900,Cordon Piuquenes_55,1,
600,Tronco,Cerro,,,5567,,,-33.179551600,-70.065343900,Cordon Piuquenes_56,1,2
601,del Fierro,Morro,,,4642,,,-33.195610800,-70.092492200,Cordon Piuquenes_57,1,
602,P5130,Innominado,,,5130,,,-33.191713300,-70.060596500,Cordon Piuquenes_58,1,2
603,Osiecki,Cerro,,,5150,,,-33.199897500,-70.204834900,Cordon Piuquenes_59,1,
604,Fickenscher,Cerro,,,5350,,,-33.207172600,-70.210574700,Cordon Piuquenes_60,1,
605,Esmeralda Norte,Cerro,,,4566,,,-33.201819800,-70.147087800,Cordon Piuquenes_62,1,
606,Esmeralda Central,Cerro,,,4520,,,-33.206156200,-70.138934000,Cordon Piuquenes_63,1,
607,Esmeralda Sur,Cerro,,,4555,,,-33.214211700,-70.139489800,Cordon Piuquenes_64,1,
608,Littoria,Cerro,,,5352,,,-33.217128800,-70.218374000,Cordon Piuquenes_65,1,
609,P5070,Innominado,,,5070,,,-33.203935400,-70.064208100,Cordon Piuquenes_66,1,2
610,P5055,Innominado,,,5055,,,-33.215324300,-70.058374700,Cordon Piuquenes_67,1,2
611,Cincuentenario,Cerro,,,4987,,,-33.226435400,-70.053930400,Cordon Piuquenes_68,1,2
612,El Plomo,Cerro,,,5424,,,-33.236154500,-70.214494100,Cordon Piuquenes_69,1,
613,Reichert,Cerro,,,5286,,,-33.235324600,-70.027262600,Cordon Piuquenes_70,1,2
614,Parsifal,Punta,,,5370,,,-33.231710000,-70.223105500,Cordon Piuquenes_71,1,
615,Santiago,Punta,,,5083,,,-33.236154200,-70.232828300,Cordon Piuquenes_72,1,
616,Expedición,Punta,,,5000,,,-33.243099100,-70.205604900,Cordon Piuquenes_73,1,
617,de los Castaños,Morro,,,4220,,,-33.239890100,-70.184254400,Cordon Piuquenes_74,1,
618,Leonera,Cerro,Plomo Negro,Cerro,4954,,,-33.246992200,-70.241358500,Cordon Piuquenes_75,1,
619,Chuncho,Punta,,,5073,,,-33.245880100,-70.028096300,Cordon Piuquenes_76,1,2
620,Hermandad,Punta,,,4930,,,-33.238376200,-70.243940000,Cordon Piuquenes_77,1,
621,Tuquito,Cerro,,,3990,,,-33.019766600,-70.281714000,La Disputada_1,1,
622,P4041,Innominado,,,4041,,,-33.004210900,-70.295603200,La Disputada_2,1,
623,P4107,Innominado,,,4107,,,-33.016710700,-70.304492800,La Disputada_3,1,
624,Yaretas,Cerro,,,3539,,,-33.023930600,-70.423387700,La Disputada_4,1,
625,P4034,Innominado,,,4034,,,-33.051154500,-70.316160900,La Disputada_5,1,
626,Punta Flores,Cerro,,,4157,,,-33.054766200,-70.282548300,La Disputada_6,1,
627,P4144,Innominado,,,4144,,,-33.056988000,-70.307549600,La Disputada_7,1,
628,P4102,Innominado,,,4102,,,-33.062265700,-70.305605200,La Disputada_8,1,
629,Morro Cáceres,Cerro,,,2798,,,-33.064484900,-70.469502100,La Disputada_9,1,
630,San Emeterio,Cerro,,,4322,,,-33.068654700,-70.298382700,La Disputada_10,1,
631,P4120,Innominado,,,4120,,,-33.076154700,-70.294216100,La Disputada_11,1,
632,P4082,Innominado,,,4082,,,-33.085599100,-70.293105100,La Disputada_12,1,
633,Los Azules,Cerro,,,3643,,,-33.088097300,-70.388665400,La Disputada_13,1,
634,Del Plomo,Cerro,,,4025,,,-33.096709100,-70.343107900,La Disputada_14,1,
635,P4066,Innominado,,,4066,,,-33.088931500,-70.339218600,La Disputada_15,1,
636,Turquesa,Cerro,,,3905,,,-33.108931800,-70.315329100,La Disputada_16,1,
637,Ceatoleí,Cerro,,,4136,,,-33.118932000,-70.296717300,La Disputada_17,1,
638,P4003,Innominado,,,4003,,,-33.110321600,-70.264493300,La Disputada_18,1,
639,P4115,Innominado,,,4115,,,-33.134765200,-70.296717700,La Disputada_19,1,
640,Disputada,Cerro,,,4165,,,-33.128098600,-70.293106200,La Disputada_20,1,
641,Ortiga,Cerro,,,3563,,,-33.130597200,-70.368387800,La Disputada_21,1,
642,El Choclo,Cerro,,,3905,,,-33.132821200,-70.270883100,La Disputada_22,1,
643,El Plomo,Cerro,,,3535,,,-33.161708400,-70.348109800,La Disputada_23,1,
644,Piuquenes,Cerro,,,3403,,,-33.159762200,-70.445614500,La Disputada_24,1,
645,Punta Monolito,Cerro,,,4274,,,-33.166154400,-70.259216700,La Disputada_25,1,
646,Infiernillo,Cerro,,,4040,,,-33.149487500,-70.281717300,La Disputada_26,1,
647,del Cobre,Cerro,,,3820,,,-33.141986400,-70.348942700,La Disputada_27,1,
648,Dolores,Cerro,,,3760,,,-33.151709300,-70.302829600,La Disputada_28,1,
649,Fortuna,Cerro,,,4641,,,-33.176987300,-70.280051300,La Disputada_29,1,
650,P4474,Innominado,,,4474,,,-33.184487100,-70.285051700,La Disputada_30,1,
651,Los Angeles,Cerro,,,3623,,,-33.182263000,-70.390890200,La Disputada_31,1,
652,La Polcura,Cerro,,,3524,,,-33.171429700,-70.395056800,La Disputada_32,1,
653,Paloma,Cerro,,,4910,,,-33.180598600,-70.267550800,La Disputada_33,1,
654,San Francisco,Cerro,,,4270,,,-33.200875700,-70.294497100,La Disputada_34,1,
655,P3330,Innominado,,,3330,,,-33.197263500,-70.353111000,La Disputada_35,1,
656,P4164,Innominado,,,4164,,,-33.211986700,-70.290330500,La Disputada_36,1,
657,Arqueado de Barrera,Cerro,,,2898,,,-33.217538900,-70.472561800,La Disputada_37,1,
658,Altar Falso,Cerro,,,4549,,,-33.206709600,-70.258106600,La Disputada_38,1,
659,Tornamesa,Cerro,,,2408,,,-33.226984400,-70.408670000,La Disputada_39,1,
660,Los Piches,Cerro,,,4233,,,-33.223097700,-70.290330800,La Disputada_40,1,
661,P3873,Innominado,,,3873,,,-33.235597300,-70.308387500,La Disputada_41,1,
662,Alto Hotel,Cerro,,,3163,,,-33.226985300,-70.359500900,La Disputada_42,1,
663,Cortadera Chico,Cerro,,,3324,,,-33.240083500,-70.364259400,La Disputada_43,1,
664,Tolosa,Cerro,,,5353,,,-32.769495800,-70.031417600,Portillo_1,,
665,Tolosa Oeste,Cerro,,,5317,,,-32.766717800,-70.043362600,Portillo_2,,
666,C° Tres Hermanos Sur,Cerro,,,4274,,,-32.757827500,-70.128366500,Portillo_3,,
667,Pico Chorrillos,Cerro,,,4159,,,-32.775605500,-70.104754700,Portillo_3E,,
668,Pico Peñas Coloradas,Cerro,,,4211,,,-32.785050000,-70.101143700,Portillo_4B,,
669,Pico El Titan,Cerro,,,4254,,,-32.786438700,-70.108366300,Portillo_4C,,
670,Paramillos del Tolosa,Cerro,,,,,,-32.770051000,-70.052252000,Portillo_5,,
671,Parva del Inca,Cerro,,,4831,,,-32.761699500,-70.168247900,Portillo_9,,
672,Parva del Inca Norte,Cerro,,,4792,,,-32.757549000,-70.171702000,Portillo_10,,
673,Varela,Cerro,,,4093,,,-32.777177700,-70.182976600,Portillo_11,,
674,Del Cojo,Cerro,,,4335,4381,,-32.787583300,-70.199305600,Portillo_12,,
675,P4325,Innominado,,,4325,,,-32.789492300,-70.213371500,Portillo_13,,
676,C° Manantiales de Brito,Cerro,,,4456,,,-32.799491800,-70.236984000,Portillo_14,,
677,C° Barile,Cerro,,,4447,,,-32.800602900,-70.235317300,Portillo_15,,
678,C° Bastion,Cerro,,,4658,,,-32.798647600,-70.214664100,Portillo_16,,
679,C° Caracoles,Cerro,,,4465,,,-32.800922100,-70.108038200,Portillo_17,,
680,C° Mesetas Norte,Cerro,,,4048,,,-32.788239400,-70.157838700,Portillo_18,,
681,C° Mesetas Sur,Cerro,,,4095,,,-32.800720200,-70.158037900,Portillo_19,,
682,C° Aguja,Cerro,,,4607,,,-32.805325400,-70.218927700,Portillo_20,,
683,C° Glorieta,Cerro,,,4413,,,-32.806861700,-70.237751100,Portillo_21,,
684,C° Brujita,Cerro,,,4379,,,-32.810047200,-70.243095700,Portillo_22,,
685,C° Gloria,Cerro,de la Gloria,Peñón,4479,,,-32.817993400,-70.241026700,Portillo_23,,
686,P4323,Innominado,,,4323,,,-32.812269900,-70.211983100,Portillo_24,,
687,C° Juan Olmos,Cerro,,,4340,,,-32.816436600,-70.208927500,Portillo_25,,
688,C° Bermejo,Cerro,,,3873,,,-32.836161000,-70.078643800,Portillo_26,,
689,C° Ojos de Agua,Cerro,,,4222,,,-32.827826400,-70.152258300,Portillo_27,,
690,C° Santa Elena Norte,Cerro,,,4571,,,-32.836717000,-70.053087000,Portillo_28,,
691,C° Santa Elena,Cerro,,,4595,,,-32.839216900,-70.053920500,Portillo_29,,
692,C° Puntudito,Cerro,,,4157,,,-32.831995200,-70.032808200,Portillo_30,,
693,P4596,Innominado,,,4596,,,-32.847272400,-70.053920700,Portillo_31,,
694,P4640,Innominado,,,4640,,,-32.856439000,-70.054476500,Portillo_32,,
695,C° Navarro,Cerro,,,4671,,,-32.865050100,-70.048920900,Portillo_33,,
696,C° Navarro Sur,Cerro,,,4571,,,-32.868661300,-70.045309700,Portillo_34,,
697,C° Negro (del Gemelos),Cerro,,,4445,,,-32.853106800,-69.992251200,Portillo_35,,
698,C° Cabeza del Inca,Cerro,,,4193,,,-32.858382400,-70.110868200,Portillo_36,,
699,Cabeza del Inca Este,Cerro,,,4105,,,-32.861993800,-70.093367400,Portillo_37,,
700,Alto Mardones,Cerro,,,4098,,,-32.859771700,-70.084755900,Portillo_38,,
701,C° Gemelos,Cerro,,,5240,,,-32.881161900,-70.002252400,Portillo_39,,
702,C° Presenteseracae,Cerro,,,4952,,,-32.877828300,-70.020864300,Portillo_40,,
703,Torre Virgen Oeste,Cerro,,,5215,,,-32.883384100,-70.001141200,Portillo_41,,
704,Torre Virgen Este,Cerro,,,5200,,,-32.885050800,-69.999196700,Portillo_42,,
705,Pico Bonito,Cerro,,,4994,,,-32.872828900,-69.991140500,Portillo_43,,
706,Portezuelo Gemelos,Cerro,,,4328,,,-32.901161900,-69.989752200,Portillo_45,,
707,Gemelo Oeste,Cerro,,,5122,,,-32.889495300,-69.995307800,Portillo_46,,
708,Gemelo Este,Cerro,,,5117,,,-32.891162000,-69.993641100,Portillo_47,,
709,C° Punton Amarillo,Cerro,,,4159,,,-32.896716400,-70.053644200,Portillo_48,,
710,P4296,Innominado,,,4296,,,,,Portillo_48A,,
711,P4065,Innominado,,,4065,,,-32.898660900,-70.049477300,Portillo_48B,,
712,Doña Paula,Cerro,,,3945,,,-32.906160700,-70.058366800,Portillo_48C,,
713,C° Hornitos,Cerro,,,3625,,,-32.910327100,-70.069478600,Portillo_48D,,
714,P3669,Innominado,,,3669,,,,,Portillo_48E,,
715,Alto de la Posada,Cerro,,,4260,,,-32.891831800,-70.172681700,Portillo_49,,
716,Punta Desconocida,Cerro,,,4360,,,-32.896436400,-70.178650300,Portillo_50,,
717,C° Chorrillo,Cerro,,,4082,,,-32.912270100,-70.146426900,Portillo_51,,
718,C° Humberto Barrera,Cerro,,,4569,,,-32.908106300,-69.990863600,Portillo_52,,
719,C° EMA,Cerro,,,4328,,,-32.911436200,-70.181428600,Portillo_53,,
720,C° Becker,Cerro,,,4448,,,-32.918605500,-70.195824600,Portillo_54,,
721,C° Maite,Cerro,,,4438,,,-32.917269200,-70.196985000,Portillo_55,,
722,C° WIM,Cerro,,,4352,,,-32.919213700,-70.187818000,Portillo_56,,
723,C° Yeso,Cerro,,,4192,,,-32.926716600,-70.025310200,Portillo_58,,
724,C° Level,Cerro,,,4432,,,-32.919491600,-70.181428800,Portillo_59,,
725,C° Celsa,Cerro,,,3935,,,-32.936159200,-70.125037500,Portillo_60,,
726,Rafael Saavedra,Cerro,,,4410,,,-32.926022200,-70.172422400,Portillo_62,,
727,Gimnastico,Cerro,,,4275,,,-32.927278000,-70.167883100,Portillo_63,,
728,Atalaya,Cerro,,,4100,,,-32.922189000,-70.168261500,Portillo_64,,
729,Rabo de la Mona,Cerro,,,4293,,,-32.928936400,-70.160039100,Portillo_65,,
730,Halcon Alto,Cerro,,,4493,,,-32.932825300,-70.156427900,Portillo_66,,
731,P4456,Innominado,,,4456,,,-32.933658600,-70.155316700,Portillo_67,,
732,Gustavo,Cerro,,,4792,,,-32.923661400,-70.005309100,Portillo_68,,
733,P4714,Innominado,,,4714,,,-32.934494700,-70.004753800,Portillo_69,,
734,P4178,Innominado,,,4178,,,-32.921992200,-70.149760600,Portillo_70,,
735,P4295,Innominado,,,4295,,,-32.924769000,-70.201152100,Portillo_71,,
736,P5089,Innominado,,,5089,,,-32.945605700,-70.003087400,Portillo_72,,
737,Vigia,Cerro,,,4205,,,-32.949771200,-70.067257300,Portillo_73,,
738,P4365,Innominado,,,4365,,,-32.941436400,-70.153372400,Portillo_74,,
739,CAChV,Cerro,,,4493,,,-32.945451900,-70.148745400,Portillo_75,,
740,P4437,Innominado,,,4437,,,-32.946714400,-70.138371800,Portillo_76,,
741,Punta Barraquer,Cerro,,,4210,,,-32.938658200,-70.177540200,Portillo_77,,
742,Punta de Cuchillo,Cerro,,,4349,,,-32.951160500,-70.040033800,Portillo_78,,
743,Parque Andino,Cerro,,,4548,,,-32.966715500,-70.064202000,Portillo_79,,
744,Mono Negro,Cerro,,,4826,,,-32.964493700,-70.041145300,Portillo_80,,
745,Mono Blanco,Cerro,,,4772,,,-32.968660300,-70.042534300,Portillo_81,,
746,Alto del Río Blanco,Cerro,,,5228,,,-32.954358200,-70.006035000,Portillo_82,,
747,León Blanco,Cerro,,,5188,,,-32.961716300,-70.020310800,Portillo_83,,
748,Espinazo del Diablo,Cerro,,,3964,,,-32.957823900,-70.217542600,Portillo_84,,
749,Punta Perdida,Cerro,,,4047,,,-32.967269200,-70.166984800,Portillo_85,,
750,Codo Flojo,Cerro,,,3680,,,-32.971991100,-70.180596700,Portillo_85B,,
751,Arriero Chico,Cerro,,,4224,,,-32.945099000,-70.065515000,Portillo_86,,
752,Yeguas Heladas Norte,Cerro,,,4712,,,-32.966714100,-70.144483700,Portillo_87,,
753,Yeguas Heladas,Cerro,,,4771,,,-32.970880700,-70.144483800,Portillo_88,,
754,Yeguas Heladas Sur,Cerro,,,4770,,,-32.979769500,-70.142261700,Portillo_89,,
755,León Negro,Cerro,,,5176,,,-32.970882800,-70.027811400,Portillo_90,,
756,Central,Cerro,,,5247,,,-32.972550100,-69.991976400,Portillo_91,,
757,Don Juan,Cerro,,,5193,,,-32.972828000,-69.986420600,Portillo_92,,
758,Expedicion,Cerro,,,5219,,,-32.976439100,-69.981420400,Portillo_93,,
759,Philippe,Cerro,,,5225,,,-32.979772500,-69.978364800,Portillo_94,,
760,Marisco,Cerro,,,4480,,,-32.978354700,-70.049517000,Portillo_95,,
761,P4835,Innominado,,,4835,,,-32.971993700,-70.037256400,Portillo_96,,
762,P4810,Innominado,,,4810,,,-32.975327000,-70.038367600,Portillo_97,,
763,Punta Valeria,Cerro,,,4770,,,-32.983382500,-70.038645600,Portillo_98,,
764,Aguja Nacimiento Noroeste,Cerro,,,3796,,,-32.983103600,-70.101426500,Portillo_99,,
765,Aguja Nacimiento,Cerro,,,4010,,,-32.992270300,-70.092537400,Portillo_100,,
766,Doris Norte,Cerro,,,5181,,,-32.987272400,-69.980587300,Portillo_101,,
767,Centro Excursionista de Valencia,Cerro,,,5198,,,-32.992827800,-69.984198700,Portillo_102,,
768,Doris,Cerro,,,5241,,,-32.996716600,-69.987254500,Portillo_103,,
769,Los Cascajales,Cerro,,,3410,,,-32.760600600,-70.385323600,Rio Blanco_1,,
770,El Bolson,Cerro,,,2839,,,-32.768657000,-70.333099000,Rio Blanco_2,,
771,Los Pingos,Cerro,,,3030,,,-32.790600800,-70.357545200,Rio Blanco_3,,
772,Mocoen,Cerro,,,2693,,,-32.797659600,-70.461491900,Rio Blanco_4,,
773,Los Escalones,Cerro,,,3558,,,-32.797273300,-70.031418300,Rio Blanco_5,,
774,La Matancilla,Cerro,,,3540,,,-32.872063000,-70.310973700,Rio Blanco_6,,
775,Las Tinajas,Cerro,,,3137,,,-32.879211500,-70.331157300,Rio Blanco_7,,
776,Mina de Carbon,Cerro,,,3412,,,-32.875323000,-70.313656300,Rio Blanco_8,,
777,La Bandera,Cerro,,,2636,,,-32.883655600,-70.351158400,Rio Blanco_9,,
778,Muela del Diablo,Cerro,,,2960,,,-32.895813500,-70.301125700,Rio Blanco_10,,
779,Negro,Cerro,,,2348,,,-32.911430600,-70.487276800,Rio Blanco_11,,
780,La Torre,Cerro,,,2760,,,-32.918019200,-70.387614400,Rio Blanco_12,,
781,Nido de Condor,Cerro,,,2352,,,-32.924729200,-70.303276700,Rio Blanco_13,,
782,El Pelado,Cerro,,,3361,,,-32.944914800,-70.411109500,Rio Blanco_14,,
783,del Diablo,Cerro,,,2982,,,-32.967821200,-70.363938900,Rio Blanco_15,,
784,Los Azules de Vilcuya,Cerro,,,3446,,,-32.962698000,-70.432784600,Rio Blanco_16,,
785,Potrero Alto,Cerro,,,3827,,,-32.979675200,-70.305502900,Rio Blanco_17,,
786,Alto del Buitre,Cerro,,,3719,,,-32.992375000,-70.391480200,Rio Blanco_18,,
787,Laguna del Chano,Cerro,,,3620,,,-32.995044300,-70.299769800,Rio Blanco_19,,
788,Nevado de Leiva,Cerro,,,4653,,,-32.516718400,-70.146972500,Rio Leones_1,,
789,Cerro Bonete,Cerro,,,5261,,,-32.524497800,-70.053912600,Rio Leones_2,,
790,P4921,Innominado,,,4921,,,-32.520053700,-70.035578300,Rio Leones_3,,
791,Cerro La Mano,Cerro,,,5426,,,-32.530887400,-70.010855100,Rio Leones_4,,
792,Cerro Monjas,Cerro,,,4506,,,-32.536717500,-70.189752900,Rio Leones_5,,
793,Cerro Techado,Cerro,,,4452,,,-32.530051400,-70.157251100,Rio Leones_6,,
794,Cerro Reichert,Cerro,,,5150,,,-32.541998200,-70.018911300,Rio Leones_7,,
795,Cerro Cupula de Guessfeldt,Cerro,,,5350,,,-32.561164500,-70.031690200,Rio Leones_8,,
796,P4898,Innominado,,,4898,,,-32.556440700,-70.124472400,Rio Leones_9,,
797,Cerro Zurbriggen,Cerro,,,5322,,,-32.573108800,-70.033357200,Rio Leones_10,,
798,Cerro Link,Cerro,,,5100,,,-32.579498000,-70.014467600,Rio Leones_11,,
799,Cerro Piloto,Cerro,,,5064,,,-32.577828900,-70.150863100,Rio Leones_12,,
800,Cerro Alma Blanca,Cerro,,,5175,,,-32.575329300,-70.126695200,Rio Leones_14,,
801,Pico Brasil,Cerro,,,5100,,,-32.576440600,-70.120028200,Rio Leones_15,,
802,Cerro del Portezuelo del Norte,Cerro,,,5016,,,-32.594218500,-70.098638700,Rio Leones_17,,
803,Cerro Mar,Cerro,,,4890,,,-32.591995200,-70.160030600,Rio Leones_18,,
804,Cerro Gino Pertile,Cerro,,,4852,,,-32.602828400,-70.163642100,Rio Leones_20,,
805,Cerro del Avion,Cerro,,,4530,,,-32.630606000,-70.156420300,Rio Leones_22,,
806,Cerro Tordillo,Cerro,,,4670,,,-32.593105300,-70.218922400,Rio Leones_29,,
807,Cerro Falso Tordillo,Cerro,,,4583,,,-32.599215900,-70.241145800,Rio Leones_30,,
808,P4487,Innominado,,,4487,,,-32.609494000,-70.221700700,Rio Leones_31,,
809,P4866,Innominado,,,4866,,,-32.607828300,-70.165586800,Rio Leones_32,,
810,Punta Consuelo,Cerro,,,5171,,,-32.607830400,-70.048636600,Rio Leones_33,,
811,Cerro Fitz Gerald,Cerro,,,5357,,,-32.617275300,-70.017246500,Rio Leones_34,,
812,Cerro Ameghino,Cerro,,,5883,,,-32.625847400,-69.977757300,Rio Leones_35,,
813,Cerro Horcones,Cerro,,,5432,,,-32.621718400,-70.088361100,Rio Leones_36,,
814,Cerro Pan de Azucar,Cerro,,,5277,,,-32.623384600,-70.116140300,Rio Leones_37,,
815,Punta Hartmut,Cerro,,,5408,,,-32.621440800,-70.079749600,Rio Leones_39,,
816,Cerro Cuerno,Cerro,,,5510,,,-32.624774400,-70.062804400,Rio Leones_40,,
817,Cerro Punton de Mancilla,Cerro,,,4610,,,-32.631994600,-70.175032300,Rio Leones_41,,
818,Cerro Potrero Escondido,Cerro,,,3955,,,-32.636716200,-70.202811600,Rio Leones_42,,
819,Cerro Capucha Blanca,Cerro,,,4413,,,-32.643661000,-70.181144000,Rio Leones_43,,
820,Cerro Don Damasio,Cerro,,,4521,,,-32.642828200,-70.151698100,Rio Leones_44,,
821,Cerro Catedral,Cerro,,,5308,,,-32.646440500,-70.084472700,Rio Leones_45,,
822,Morro del Catedral,Cerro,,,5041,,,-32.648385100,-70.074750000,Rio Leones_46,,
823,Cerro Manso,Cerro,,,5557,,,-32.640885800,-70.038914800,Rio Leones_47,,
824,Cerro Aconcagua,Cerro,,,6959,,,-32.653267100,-70.011119500,Rio Leones_49,,
825,Cerro Aconcagua Cumbre Sur,Cerro,,,6930,,,-32.663385900,-70.020858900,Rio Leones_50,,
826,Cerro Bonete (del Sur),Cerro,,,5077,,,-32.658940300,-70.088362100,Rio Leones_51,,
827,Punta Walter Schiller,Cerro,,,4930,,,-32.659773800,-70.080028400,Rio Leones_52,,
828,Cerro Albino,Cerro,,,4254,,,-32.655605300,-70.181422100,Rio Leones_54,,
829,Cerro Riscado,Cerro,,,4437,,,-32.654772600,-70.149198300,Rio Leones_55,,
830,Cerro Molina,Cerro,,,4263,,,-32.663105200,-70.186978100,Rio Leones_56,,
831,Cerro Tres Valles,Cerro,,,5006,,,-32.687551000,-70.095863200,Rio Leones_58,,
832,Cerro Piramidal,Cerro,,,5700,,,-32.687274500,-70.026693100,Rio Leones_59,,
833,Mirador,Cerro,,,5511,,,-32.701719200,-70.003914600,Rio Leones_60,,
834,Cerro Loma Amarilla,Cerro,,,3805,,,-32.686160200,-70.205035100,Rio Leones_61,,
835,Cerro Los Toldos,Cerro,,,3970,,,-32.687827200,-70.184756400,Rio Leones_62,,
836,Cerro Dedos (Nuevo),Cerro,,,5026,,,-32.688940200,-70.076695600,Rio Leones_63,,
837,Morro Trigo,Cerro,,,3427,,,-32.712826800,-70.192535200,Rio Leones_64,,
838,P4587,Innominado,,,4587,,,-32.712549900,-70.146144000,Rio Leones_65,,
839,Morro Promontorio,Cerro,,,4917,,,-32.717552600,-69.990025400,Rio Leones_66,,
840,Nevado Matienzo,Cerro,,,5044,,,-32.711162000,-70.090863500,Rio Leones_67,,
841,Cerro Dedos (Original),Cerro,,,5044,,,-32.723106700,-70.066140400,Rio Leones_69,,
842,Cerro Guardian del Portillo,Cerro,,,4532,,,-32.729304400,-70.147069300,Rio Leones_70,,
843,Cerro Tres Hermanos Norte,Cerro,,,4751,,,-32.732549800,-70.138088600,Rio Leones_71,,
844,Cerro Tres Hermanos Central,Cerro,,,4595,,,-32.743660900,-70.133644200,Rio Leones_72,,
845,P4491,Innominado,,,4491,,,-32.743660300,-70.166145800,Rio Leones_73,,
846,Cerro Mexico,Cerro,,,5158,,,-32.746718000,-70.047251200,Rio Leones_74,,
847,Sin Nombre,Cerro,,,3773,,,-32.521159700,-70.323370100,Rio Colorado_1,,
848,Sin Nombre,Cerro,,,3835,,,-32.533937200,-70.331704100,Rio Colorado_2,,
849,Mancilla,Cerro,,,4057,,,-32.563382500,-70.263923800,Rio Colorado_3,,
850,La Gringa,Cerro,,,3970,,,-32.562549000,-70.276702200,Rio Colorado_4,,
851,Llaretal Norte,Cerro,,,3428,,,-32.568378500,-70.483934600,Rio Colorado_5,,
852,Llaretal Sur,Cerro,,,3370,,,-32.581711700,-70.483657200,Rio Colorado_6,,
853,Cruz del Padre Norte,Cerro,,,3805,,,-32.559214500,-70.344205400,Rio Colorado_7,,
854,Cruz del Padre Centro,Cerro,,,3807,,,-32.571992000,-70.350317100,Rio Colorado_8,,
855,Cruz del Padre Sur,Cerro,,,3754,,,-32.590880400,-70.367540700,Rio Colorado_9,,
856,Molina,Cerro,,,3607,,,-32.579490600,-70.424487600,Rio Colorado_10,,
857,Bocon,Cerro,,,4071,,,-32.628104100,-70.262536500,Rio Colorado_11,,
858,El Padre,Cerro,,,4085,,,-32.623380000,-70.371152800,Rio Colorado_12,,
859,Sin Nombre,Cerro,,,3742,,,-32.626711800,-70.454212400,Rio Colorado_13,,
860,Sin Nombre,Cerro,,,3968,,,-32.649490900,-70.368097700,Rio Colorado_14,,
861,Morro La Laguna,Cerro,,,3780,,,-32.656989300,-70.452268700,Rio Colorado_15,,
862,Llaretas,Cerro,,,4015,,,-32.659770600,-70.258926000,Rio Colorado_16,,
863,Alto del Cobre,Cerro,,,3632,,,-32.676988800,-70.468381100,Rio Colorado_17,,
864,Sin Nombre,Cerro,,,3855,,,-32.668935300,-70.362542400,Rio Colorado_18,,
865,Sin Nombre,Cerro,,,3751,,,-32.685046100,-70.369487600,Rio Colorado_19,,
866,Corral de Piedra,Cerro,,,3493,,,-32.693655600,-70.451991800,Rio Colorado_20,,
867,Sin Nombre,Cerro,,,3778,,,-32.679214700,-70.267260200,Rio Colorado_21,,
868,Sin Nombre,Cerro,,,3682,,,-32.700047800,-70.265594000,Rio Colorado_22,,
869,El Azufre,Cerro,,,3344,,,-32.715603000,-70.276983800,Rio Colorado_23,,
870,Piedras Negras,Cerro,,,3776,,,-32.722267900,-70.371710800,Rio Colorado_24,,
871,Alto de las Minas,Cerro,,,3622,,,-32.748378700,-70.373933800,Rio Colorado_25,,
872,Morro El Paico,Cerro,,,2330,,,-32.725599900,-70.446714600,Rio Colorado_26,,
873,La Torre,Cerro,,,2831,,,-32.740602600,-70.288929500,Rio Colorado_27,,
874,Alto de la Mamá,Cerro,,,4867,,,-34.256310000,-70.116735500,Paso Las Leñas_1,,
875,Punta Mistral,Cerro,,,4641,,,-34.269910500,-70.112678700,Paso Las Leñas_2,,
876,Alto de la Engorda,Cerro,,,4072,,,-34.257533400,-70.197020300,Paso Las Leñas_3,,
877,Picos del Barroso,Cerro,,,5174,,,-34.288101200,-70.031044000,Paso Las Leñas_4,,
878,Picos del Barroso - Cumbre Chilena,Cerro,,,5135,,,-34.279758100,-70.051458100,Paso Las Leñas_5,,
879,Picos del Barroso - Cumbre Argentina,Cerro,,,5165,,,-34.285036600,-70.006178200,Paso Las Leñas_6,,
880,Picos del Barroso - Cumbre Oeste,Cerro,,,5113,,,-34.284480000,-70.062569900,Paso Las Leñas_7,,
881,Corona de Don Manuel,Cerro,,,4493,,,-34.280760900,-70.141387000,Paso Las Leñas_8,,
882,Punta de Don Manuel Este,Cerro,,,4380,,,-34.281700900,-70.135073400,Paso Las Leñas_9,,
883,Punta de Don Manuel Sur,Cerro,,,4225,,,-34.294478500,-70.137296100,Paso Las Leñas_10,,
884,P4872,Innominado,,,4872,,,-34.292813200,-70.066459200,Paso Las Leñas_11,,
885,P4130,Innominado,,,4130,,,-34.288644100,-70.197021100,Paso Las Leñas_12,,
886,Aguja,Cerro,,,4612,,,-34.304201900,-70.068681800,Paso Las Leñas_13,,
887,P4595,Innominado,,,4595,,,-34.314479600,-70.069515500,Paso Las Leñas_14,,
888,P4153,Innominado,,,4153,,,-34.337256600,-70.100628800,Paso Las Leñas_15,,
889,Paja Grande,Cerro,,,4446,,,-34.373646500,-70.024792600,Paso Las Leñas_17,,
890,Cruceros,Cerro,,,3748,,,-34.427533300,-70.105631500,Paso Las Leñas_18,,
891,Morro del Atravieso,Cerro,,,4590,,,-34.449200700,-70.055907400,Paso Las Leñas_19,,
892,Kiñewen,Cerro,,,4120,,,-34.465866700,-70.078964500,Paso Las Leñas_20,,
893,Bayo,Cerro,,,4430,,,-34.475310400,-70.115077700,Paso Las Leñas_21,,
894,Aguja Rucaray,Cerro,,,4103,,,-34.269479700,-70.090626400,Paso Las Leñas_22,,
895,Mirador de la Caleria,Cerro,,,4034,,,-34.270313100,-70.087015200,Paso Las Leñas_23,,
896,P4237,Innominado,,,4237,,,-34.271979900,-70.077848100,Paso Las Leñas_24,,
897,P3511,Innominado,,,3511,,,-34.383642700,-70.220358200,Paso Las Leñas_25,,
898,Fragüita,Cerro,,,3856,,,-34.386143300,-70.190634600,Paso Las Leñas_26,,
899,Gato Negro,Cerro,,,3767,,,-34.300587600,-70.245079400,Paso Las Leñas_27,,
900,P3935,Innominado,,,3935,,,-34.296698900,-70.233689800,Paso Las Leñas_28,,
901,P3992,Innominado,,,3992,,,-34.287532800,-70.210910700,Paso Las Leñas_29,,
902,Socavones,Cerro,,,3788,,,-34.431419500,-70.248138700,Paso Las Leñas_30,,
903,Placilla,Cerro,,,3996,,,-34.396422200,-70.120353600,Paso Las Leñas_31,,
904,P4116,Innominado,,,4116,,,-34.261144800,-70.178963900,Paso Las Leñas_32,,
905,P4013,Innominado,,,4013,,,-34.264200600,-70.164796600,Paso Las Leñas_33,,
906,P4050,Innominado,,,4050,,,-34.271700700,-70.154240800,Paso Las Leñas_34,,
907,Alto de Piuquenes,Cerro,,,4600,,,,,,1,
908,Gastón,Cerro,,,3689,,,-33.598611100,-69.928611100,,1,
909,Octogésimo,Cerro,,,4930,,,-33.685416700,-69.883305600,,1,2
910,Picoyo,Punta,,,4461,,,-33.664166700,-69.978666700,,1,
911,Marmolejo - Cumbre Carioca,Cerro,,,,,,,,,,
912,Panimávida,Cerro,,,3431,3443,GPS,-33.617888900,-69.938888900,,1,
913,Pico de Loro,Cerro,,,4183,,,-32.828995600,-70.202969400,Portillo_104,,
914,Alto del Peñón,Cerro,,,3882,,,-32.852504500,-70.248077500,Portillo_105,,
915,Maitencito,Cerro,,,3638,,,-32.866438900,-70.236647200,Portillo_106,,
916,De la Iglesia,Cerro,,,4233,,,-32.801152800,-70.098336100,Portillo_107,,
917,Ancestral,Pico,,,4310,,,-32.779275000,-70.111572200,Portillo_108,,
918,Gótico,Pico,,,4290,,,-32.793925000,-70.107308300,Portillo_109,,
919,ARA San Juan,Pico,,,4125,,,-32.773277800,-70.104888900,Portillo_110,,
920,Peñas Amarillas,Cerro,,,4252,,,-32.766941700,-70.115277800,Portillo_111,,
921,Peñascoso,Cerro,,,4147,,,-32.763777800,-70.121027800,Portillo_112,,
922,Mirador del Tolosa,Cerro,,,4095,,,-32.791833300,-70.056638900,Portillo_113,,
923,Las Lajas,Cerro,,,3151,,,-32.921238900,-70.242972200,Portillo_114,,
924,Yesero,Cerro,,,3763,,,-32.8340611,-70.0079528,Portillo,,
925,Negro del Inca,Cerro,,,4611,,,-32.8627778,-70.0105556,Portillo,,
926,Morro Overo ,Cerro,,,4611,,,-32.8638889,-70.0466667,Portillo,,
927,Negro,Cerro,,,,,,,,Portillo,,
928,Santa Elenita,Cerro,,,,,,,,Portillo,,
929,Puntilla II del Peñon,Cerro,,,,,,,,Portillo,,
930,Diente Amankay,Punta,,,,,,,,,,
931,Zoológico,Cerro,,,,,,,,,,
932,Cola de Mono,Cerro,,,,,,,,,,
933,Campamento,Punta,,,,,,,,,1,
934,Aneki,Punta,,,3946,,,-33.942321,-69.980684,,,
935,El Refugio,Cerro,,,2117,,,-32.91388,-70.28338,,,
936,La Julia,Cerro,,,2138,,,-32.91515,-70.271,,,
937,Alto del Puente,Cerro,,,2434,,,-32.89664,-70.33972,,,
938,Los Gauchos,Cerro,,,2753,,,-32.78709,-70.40726,,,
939,Chincolito,Cerro,,,2185,,,-32.89646,-70.41774,,,