id,name,mountain_id
1,Ruta Desconocida,1
2,Ruta Desconocida,2
3,Ruta Desconocida,3
4,Ruta Desconocida,4
5,Ruta Desconocida,5
6,Ruta Desconocida,6
7,Ruta Desconocida,7
8,Ruta Desconocida,8
9,Ruta Desconocida,9
10,Ruta Desconocida,10
11,Ruta Desconocida,11
12,Ruta Desconocida,12
13,Ruta Desconocida,13
14,Ruta Desconocida,14
15,Ruta Desconocida,15
16,Ruta Desconocida,16
17,Ruta Desconocida,17
18,Ruta Desconocida,18
19,Ruta Desconocida,19
20,Ruta Desconocida,20
21,Ruta Desconocida,21
22,Ruta Desconocida,22
23,Ruta Desconocida,23
24,Ruta Desconocida,24
25,Ruta Desconocida,25
26,Ruta Desconocida,26
27,Ruta Desconocida,27
28,Ruta Desconocida,28
29,Ruta Desconocida,29
30,Ruta Desconocida,30
31,Ruta Desconocida,31
32,Ruta Desconocida,32
33,Ruta Desconocida,33
34,Ruta Desconocida,34
35,Ruta Desconocida,35
36,Ruta Desconocida,36
37,Ruta Desconocida,37
38,Ruta Desconocida,38
39,Ruta Desconocida,39
40,Ruta Desconocida,40
41,Ruta Desconocida,41
42,Ruta Desconocida,42
43,Ruta Desconocida,43
44,Ruta Desconocida,44
45,Ruta Desconocida,45
46,Ruta Desconocida,46
47,Ruta Desconocida,47
48,Ruta Desconocida,48
49,Ruta Desconocida,49
50,Ruta Desconocida,50
51,Ruta Desconocida,51
52,Ruta Desconocida,52
53,Ruta Desconocida,53
54,Ruta Desconocida,54
55,Ruta Desconocida,55
56,Ruta Desconocida,56
57,Ruta Desconocida,57
58,Ruta Desconocida,58
59,Ruta Desconocida,59
60,Ruta Desconocida,60
61,Ruta Desconocida,61
62,Ruta Desconocida,62
63,Ruta Desconocida,63
64,Ruta Desconocida,64
65,Ruta Desconocida,65
66,Ruta Desconocida,66
67,Ruta Desconocida,67
68,Ruta Desconocida,68
69,Ruta Desconocida,69
70,Ruta Desconocida,70
71,Ruta Desconocida,71
72,Ruta Desconocida,72
73,Ruta Desconocida,73
74,Ruta Desconocida,74
75,Ruta Desconocida,75
76,Ruta Desconocida,76
77,Ruta Desconocida,77
78,Ruta Desconocida,78
79,Ruta Desconocida,79
80,Ruta Desconocida,80
81,Ruta Desconocida,81
82,Ruta Desconocida,82
83,Ruta Desconocida,83
84,Ruta Desconocida,84
85,Ruta Desconocida,85
86,Ruta Desconocida,86
87,Ruta Desconocida,87
88,Ruta Desconocida,88
89,Ruta Desconocida,89
90,Ruta Desconocida,90
91,Ruta Desconocida,91
92,Ruta Desconocida,92
93,Ruta Desconocida,93
94,Ruta Desconocida,94
95,Ruta Desconocida,95
96,Ruta Desconocida,96
97,Ruta Desconocida,97
98,Ruta Desconocida,98
99,Ruta Desconocida,99
100,Ruta Desconocida,100
101,Ruta Desconocida,101
102,Ruta Desconocida,102
103,Ruta Desconocida,103
104,Ruta Desconocida,104
105,Ruta Desconocida,105
106,Ruta Desconocida,106
107,Ruta Desconocida,107
108,Ruta Desconocida,108
109,Ruta Desconocida,109
110,Ruta Desconocida,110
111,Ruta Desconocida,111
112,Ruta Desconocida,112
113,Ruta Desconocida,113
114,Ruta Desconocida,114
115,Ruta Desconocida,115
116,Ruta Desconocida,116
117,Ruta Desconocida,117
118,Ruta Desconocida,118
119,Ruta Desconocida,119
120,Ruta Desconocida,120
121,Ruta Desconocida,121
122,Ruta Desconocida,122
123,Ruta Desconocida,123
124,Ruta Desconocida,124
125,Ruta Desconocida,125
126,Ruta Desconocida,126
127,Ruta Desconocida,127
128,Ruta Desconocida,128
129,Ruta Desconocida,129
130,Ruta Desconocida,130
131,Ruta Desconocida,131
132,Ruta Desconocida,132
133,Ruta Desconocida,133
134,Ruta Desconocida,134
135,Ruta Desconocida,135
136,Ruta Desconocida,136
137,Ruta Desconocida,137
138,Ruta Desconocida,138
139,Ruta Desconocida,139
140,Ruta Desconocida,140
141,Ruta Desconocida,141
142,Ruta Desconocida,142
143,Ruta Desconocida,143
144,Ruta Desconocida,144
145,Ruta Desconocida,145
146,Ruta Desconocida,146
147,Ruta Desconocida,147
148,Ruta Desconocida,148
149,Ruta Desconocida,149
150,Ruta Desconocida,150
151,Ruta Desconocida,151
152,Ruta Desconocida,152
153,Ruta Desconocida,153
154,Ruta Desconocida,154
155,Ruta Desconocida,155
156,Ruta Desconocida,156
157,Ruta Desconocida,157
158,Ruta Desconocida,158
159,Ruta Desconocida,159
160,Ruta Desconocida,160
161,Ruta Desconocida,161
162,Ruta Desconocida,162
163,Ruta Desconocida,163
164,Ruta Desconocida,164
165,Ruta Desconocida,165
166,Ruta Desconocida,166
167,Ruta Desconocida,167
168,Ruta Desconocida,168
169,Ruta Desconocida,169
170,Ruta Desconocida,170
171,Ruta Desconocida,171
172,Ruta Desconocida,172
173,Ruta Desconocida,173
174,Ruta Desconocida,174
175,Ruta Desconocida,175
176,Ruta Desconocida,176
177,Ruta Desconocida,177
178,Ruta Desconocida,178
179,Ruta Desconocida,179
180,Ruta Desconocida,180
181,Ruta Desconocida,181
182,Ruta Desconocida,182
183,Ruta Desconocida,183
184,Ruta Desconocida,184
185,Ruta Desconocida,185
186,Ruta Desconocida,186
187,Ruta Desconocida,187
188,Ruta Desconocida,188
189,Ruta Desconocida,189
190,Ruta Desconocida,190
191,Ruta Desconocida,191
192,Ruta Desconocida,192
193,Ruta Desconocida,193
194,Ruta Desconocida,194
195,Ruta Desconocida,195
196,Ruta Desconocida,196
197,Ruta Desconocida,197
198,Ruta Desconocida,198
199,Ruta Desconocida,199
200,Ruta Desconocida,200
201,Ruta Desconocida,201
202,Ruta Desconocida,202
203,Ruta Desconocida,203
204,Ruta Desconocida,204
205,Ruta Desconocida,205
206,Ruta Desconocida,206
207,Ruta Desconocida,207
208,Ruta Desconocida,208
209,Ruta Desconocida,209
210,Ruta Desconocida,210
211,Ruta Desconocida,211
212,Ruta Desconocida,212
213,Ruta Desconocida,213
214,Ruta Desconocida,214
215,Ruta Desconocida,215
216,Ruta Desconocida,216
217,Ruta Desconocida,217
218,Ruta Desconocida,218
219,Ruta Desconocida,219
220,Ruta Desconocida,220
221,Ruta Desconocida,221
222,Ruta Desconocida,222
223,Ruta Desconocida,223
224,Ruta Desconocida,224
225,Ruta Desconocida,225
226,Ruta Desconocida,226
227,Ruta Desconocida,227
228,Ruta Desconocida,228
229,Ruta Desconocida,229
230,Ruta Desconocida,230
231,Ruta Desconocida,231
232,Ruta Desconocida,232
233,Ruta Desconocida,233
234,Ruta Desconocida,234
235,Ruta Desconocida,235
236,Ruta Desconocida,236
237,Ruta Desconocida,237
238,Ruta Desconocida,238
239,Ruta Desconocida,239
240,Ruta Desconocida,240
241,Ruta Desconocida,241
242,Ruta Desconocida,242
243,Ruta Desconocida,243
244,Ruta Desconocida,244
245,Ruta Desconocida,245
246,Ruta Desconocida,246
247,Ruta Desconocida,247
248,Ruta Desconocida,248
249,Ruta Desconocida,249
250,Ruta Desconocida,250
251,Ruta Desconocida,251
252,Ruta Desconocida,252
253,Ruta Desconocida,253
254,Ruta Desconocida,254
255,Ruta Desconocida,255
256,Ruta Desconocida,256
257,Ruta Desconocida,257
258,Ruta Desconocida,258
259,Ruta Desconocida,259
260,Ruta Desconocida,260
261,Ruta Desconocida,261
262,Ruta Desconocida,262
263,Ruta Desconocida,263
264,Ruta Desconocida,264
265,Ruta Desconocida,265
266,Ruta Desconocida,266
267,Ruta Desconocida,267
268,Ruta Desconocida,268
269,Ruta Desconocida,269
270,Ruta Desconocida,270
271,Ruta Desconocida,271
272,Ruta Desconocida,272
273,Ruta Desconocida,273
274,Ruta Desconocida,274
275,Ruta Desconocida,275
276,Ruta Desconocida,276
277,Ruta Desconocida,277
278,Ruta Desconocida,278
279,Ruta Desconocida,279
280,Ruta Desconocida,280
281,Ruta Desconocida,281
282,Ruta Desconocida,282
283,Ruta Desconocida,283
284,Ruta Desconocida,284
285,Ruta Desconocida,285
286,Ruta Desconocida,286
287,Ruta Desconocida,287
288,Ruta Desconocida,288
289,Ruta Desconocida,289
290,Ruta Desconocida,290
291,Ruta Desconocida,291
292,Ruta Desconocida,292
293,Ruta Desconocida,293
294,Ruta Desconocida,294
295,Ruta Desconocida,295
296,Ruta Desconocida,296
297,Ruta Desconocida,297
298,Ruta Desconocida,298
299,Ruta Desconocida,299
300,Ruta Desconocida,300
301,Ruta Desconocida,301
302,Ruta Desconocida,302
303,Ruta Desconocida,303
304,Ruta Desconocida,304
305,Ruta Desconocida,305
306,Ruta Desconocida,306
307,Ruta Desconocida,307
308,Ruta Desconocida,308
309,Ruta Desconocida,309
310,Ruta Desconocida,310
311,Ruta Desconocida,311
312,Ruta Desconocida,312
313,Ruta Desconocida,313
314,Ruta Desconocida,314
315,Ruta Desconocida,315
316,Ruta Desconocida,316
317,Ruta Desconocida,317
318,Ruta Desconocida,318
319,Ruta Desconocida,319
320,Ruta Desconocida,320
321,Ruta Desconocida,321
322,Ruta Desconocida,322
323,Ruta Desconocida,323
324,Ruta Desconocida,324
325,Ruta Desconocida,325
326,Ruta Desconocida,326
327,Ruta Desconocida,327
328,Ruta Desconocida,328
329,Ruta Desconocida,329
330,Ruta Desconocida,330
331,Ruta Desconocida,331
332,Ruta Desconocida,332
333,Ruta Desconocida,333
334,Ruta Desconocida,334
335,Ruta Desconocida,335
336,Ruta Desconocida,336
337,Ruta Desconocida,337
338,Ruta Desconocida,338
339,Ruta Desconocida,339
340,Ruta Desconocida,340
341,Ruta Desconocida,341
342,Ruta Desconocida,342
343,Ruta Desconocida,343
344,Ruta Desconocida,344
345,Ruta Desconocida,345
346,Ruta Desconocida,346
347,Ruta Desconocida,347
348,Ruta Desconocida,348
349,Ruta Desconocida,349
350,Ruta Desconocida,350
351,Ruta Desconocida,351
352,Ruta Desconocida,352
353,Ruta Desconocida,353
354,Ruta Desconocida,354
355,Ruta Desconocida,355
356,Ruta Desconocida,356
357,Ruta Desconocida,357
358,Ruta Desconocida,358
359,Ruta Desconocida,359
360,Ruta Desconocida,360
361,Ruta Desconocida,361
362,Ruta Desconocida,362
363,Ruta Desconocida,363
364,Ruta Desconocida,364
365,Ruta Desconocida,365
366,Ruta Desconocida,366
367,Ruta Desconocida,367
368,Ruta Desconocida,368
369,Ruta Desconocida,369
370,Ruta Desconocida,370
371,Ruta Desconocida,371
372,Ruta Desconocida,372
373,Ruta Desconocida,373
374,Ruta Desconocida,374
375,Ruta Desconocida,375
376,Ruta Desconocida,376
377,Ruta Desconocida,377
378,Ruta Desconocida,378
379,Ruta Desconocida,379
380,Ruta Desconocida,380
381,Ruta Desconocida,381
382,Ruta Desconocida,382
383,Ruta Desconocida,383
384,Ruta Desconocida,384
385,Ruta Desconocida,385
386,Ruta Desconocida,386
387,Ruta Desconocida,387
388,Ruta Desconocida,388
389,Ruta Desconocida,389
390,Ruta Desconocida,390
391,Ruta Desconocida,391
392,Ruta Desconocida,392
393,Ruta Desconocida,393
394,Ruta Desconocida,394
395,Ruta Desconocida,395
396,Ruta Desconocida,396
397,Ruta Desconocida,397
398,Ruta Desconocida,398
399,Ruta Desconocida,399
400,Ruta Desconocida,400
401,Ruta Desconocida,401
402,Ruta Desconocida,402
403,Ruta Desconocida,403
404,Ruta Desconocida,404
405,Ruta Desconocida,405
406,Ruta Desconocida,406
407,Ruta Desconocida,407
408,Ruta Desconocida,408
409,Ruta Desconocida,409
410,Ruta Desconocida,410
411,Ruta Desconocida,411
412,Ruta Desconocida,412
413,Ruta Desconocida,413
414,Ruta Desconocida,414
415,Ruta Desconocida,415
416,Ruta Desconocida,416
417,Ruta Desconocida,417
418,Ruta Desconocida,418
419,Ruta Desconocida,419
420,Ruta Desconocida,420
421,Ruta Desconocida,421
422,Ruta Desconocida,422
423,Ruta Desconocida,423
424,Ruta Desconocida,424
425,Ruta Desconocida,425
426,Ruta Desconocida,426
427,Ruta Desconocida,427
428,Ruta Desconocida,428
429,Ruta Desconocida,429
430,Ruta Desconocida,430
431,Ruta Desconocida,431
432,Ruta Desconocida,432
433,Ruta Desconocida,433
434,Ruta Desconocida,434
435,Ruta Desconocida,435
436,Ruta Desconocida,436
437,Ruta Desconocida,437
438,Ruta Desconocida,438
439,Ruta Desconocida,439
440,Ruta Desconocida,440
441,Ruta Desconocida,441
442,Ruta Desconocida,442
443,Ruta Desconocida,443
444,Ruta Desconocida,444
445,Ruta Desconocida,445
446,Ruta Desconocida,446
447,Ruta Desconocida,447
448,Ruta Desconocida,448
449,Ruta Desconocida,449
450,Ruta Desconocida,450
451,Ruta Desconocida,451
452,Ruta Desconocida,452
453,Ruta Desconocida,453
454,Ruta Desconocida,454
455,Ruta Desconocida,455
456,Ruta Desconocida,456
457,Ruta Desconocida,457
458,Ruta Desconocida,458
459,Ruta Desconocida,459
460,Ruta Desconocida,460
461,Ruta Desconocida,461
462,Ruta Desconocida,462
463,Ruta Desconocida,463
464,Ruta Desconocida,464
465,Ruta Desconocida,465
466,Ruta Desconocida,466
467,Ruta Desconocida,467
468,Ruta Desconocida,468
469,Ruta Desconocida,469
470,Ruta Desconocida,470
471,Ruta Desconocida,471
472,Ruta Desconocida,472
473,Ruta Desconocida,473
474,Ruta Desconocida,474
475,Ruta Desconocida,475
476,Ruta Desconocida,476
477,Ruta Desconocida,477
478,Ruta Desconocida,478
479,Ruta Desconocida,479
480,Ruta Desconocida,480
481,Ruta Desconocida,481
482,Ruta Desconocida,482
483,Ruta Desconocida,483
484,Ruta Desconocida,484
485,Ruta Desconocida,485
486,Ruta Desconocida,486
487,Ruta Desconocida,487
488,Ruta Desconocida,488
489,Ruta Desconocida,489
490,Ruta Desconocida,490
491,Ruta Desconocida,491
492,Ruta Desconocida,492
493,Ruta Desconocida,493
494,Ruta Desconocida,494
495,Ruta Desconocida,495
496,Ruta Desconocida,496
497,Ruta Desconocida,497
498,Ruta Desconocida,498
499,Ruta Desconocida,499
500,Ruta Desconocida,500
501,Ruta Desconocida,501
502,Ruta Desconocida,502
503,Ruta Desconocida,503
504,Ruta Desconocida,504
505,Ruta Desconocida,505
506,Ruta Desconocida,506
507,Ruta Desconocida,507
508,Ruta Desconocida,508
509,Ruta Desconocida,509
510,Ruta Desconocida,510
511,Ruta Desconocida,511
512,Ruta Desconocida,512
513,Ruta Desconocida,513
514,Ruta Desconocida,514
515,Ruta Desconocida,515
516,Ruta Desconocida,516
517,Ruta Desconocida,517
518,Ruta Desconocida,518
519,Ruta Desconocida,519
520,Ruta Desconocida,520
521,Ruta Desconocida,521
522,Ruta Desconocida,522
523,Ruta Desconocida,523
524,Ruta Desconocida,524
525,Ruta Desconocida,525
526,Ruta Desconocida,526
527,Ruta Desconocida,527
528,Ruta Desconocida,528
529,Ruta Desconocida,529
530,Ruta Desconocida,530
531,Ruta Desconocida,531
532,Ruta Desconocida,532
533,Ruta Desconocida,533
534,Ruta Desconocida,534
535,Ruta Desconocida,535
536,Ruta Desconocida,536
537,Ruta Desconocida,537
538,Ruta Desconocida,538
539,Ruta Desconocida,539
540,Ruta Desconocida,540
541,Ruta Desconocida,541
542,Ruta Desconocida,542
543,Ruta Desconocida,543
544,Ruta Desconocida,544
545,Ruta Desconocida,545
546,Ruta Desconocida,546
547,Ruta Desconocida,547
548,Ruta Desconocida,548
549,Ruta Desconocida,549
550,Ruta Desconocida,550
551,Ruta Desconocida,551
552,Ruta Desconocida,552
553,Ruta Desconocida,553
554,Ruta Desconocida,554
555,Ruta Desconocida,555
556,Ruta Desconocida,556
557,Ruta Desconocida,557
558,Ruta Desconocida,558
559,Ruta Desconocida,559
560,Ruta Desconocida,560
561,Ruta Desconocida,561
562,Ruta Desconocida,562
563,Ruta Desconocida,563
564,Ruta Desconocida,564
565,Ruta Desconocida,565
566,Ruta Desconocida,566
567,Ruta Desconocida,567
568,Ruta Desconocida,568
569,Ruta Desconocida,569
570,Ruta Desconocida,570
571,Ruta Desconocida,571
572,Ruta Desconocida,572
573,Ruta Desconocida,573
574,Ruta Desconocida,574
575,Ruta Desconocida,575
576,Ruta Desconocida,576
577,Ruta Desconocida,577
578,Ruta Desconocida,578
579,Ruta Desconocida,579
580,Ruta Desconocida,580
581,Ruta Desconocida,581
582,Ruta Desconocida,582
583,Ruta Desconocida,583
584,Ruta Desconocida,584
585,Ruta Desconocida,585
586,Ruta Desconocida,586
587,Ruta Desconocida,587
588,Ruta Desconocida,588
589,Ruta Desconocida,589
590,Ruta Desconocida,590
591,Ruta Desconocida,591
592,Ruta Desconocida,592
593,Ruta Desconocida,593
594,Ruta Desconocida,594
595,Ruta Desconocida,595
596,Ruta Desconocida,596
597,Ruta Desconocida,597
598,Ruta Desconocida,598
599,Ruta Desconocida,599
600,Ruta Desconocida,600
601,Ruta Desconocida,601
602,Ruta Desconocida,602
603,Ruta Desconocida,603
604,Ruta Desconocida,604
605,Ruta Desconocida,605
606,Ruta Desconocida,606
607,Ruta Desconocida,607
608,Ruta Desconocida,608
609,Ruta Desconocida,609
610,Ruta Desconocida,610
611,Ruta Desconocida,611
612,Ruta Desconocida,612
613,Ruta Desconocida,613
614,Ruta Desconocida,614
615,Ruta Desconocida,615
616,Ruta Desconocida,616
617,Ruta Desconocida,617
618,Ruta Desconocida,618
619,Ruta Desconocida,619
620,Ruta Desconocida,620
621,Ruta Desconocida,621
622,Ruta Desconocida,622
623,Ruta Desconocida,623
624,Ruta Desconocida,624
625,Ruta Desconocida,625
626,Ruta Desconocida,626
627,Ruta Desconocida,627
628,Ruta Desconocida,628
629,Ruta Desconocida,629
630,Ruta Desconocida,630
631,Ruta Desconocida,631
632,Ruta Desconocida,632
633,Ruta Desconocida,633
634,Ruta Desconocida,634
635,Ruta Desconocida,635
636,Ruta Desconocida,636
637,Ruta Desconocida,637
638,Ruta Desconocida,638
639,Ruta Desconocida,639
640,Ruta Desconocida,640
641,Ruta Desconocida,641
642,Ruta Desconocida,642
643,Ruta Desconocida,643
644,Ruta Desconocida,644
645,Ruta Desconocida,645
646,Ruta Desconocida,646
647,Ruta Desconocida,647
648,Ruta Desconocida,648
649,Ruta Desconocida,649
650,Ruta Desconocida,650
651,Ruta Desconocida,651
652,Ruta Desconocida,652
653,Ruta Desconocida,653
654,Ruta Desconocida,654
655,Ruta Desconocida,655
656,Ruta Desconocida,656
657,Ruta Desconocida,657
658,Ruta Desconocida,658
659,Ruta Desconocida,659
660,Ruta Desconocida,660
661,Ruta Desconocida,661
662,Ruta Desconocida,662
663,Ruta Desconocida,663
664,Ruta Desconocida,664
665,Ruta Desconocida,665
666,Ruta Desconocida,666
667,Ruta Desconocida,667
668,Ruta Desconocida,668
669,Ruta Desconocida,669
670,Ruta Desconocida,670
671,Ruta Desconocida,671
672,Ruta Desconocida,672
673,Ruta Desconocida,673
674,Ruta Desconocida,674
675,Ruta Desconocida,675
676,Ruta Desconocida,676
677,Ruta Desconocida,677
678,Ruta Desconocida,678
679,Ruta Desconocida,679
680,Ruta Desconocida,680
681,Ruta Desconocida,681
682,Ruta Desconocida,682
683,Ruta Desconocida,683
684,Ruta Desconocida,684
685,Ruta Desconocida,685
686,Ruta Desconocida,686
687,Ruta Desconocida,687
688,Ruta Desconocida,688
689,Ruta Desconocida,689
690,Ruta Desconocida,690
691,Ruta Desconocida,691
692,Ruta Desconocida,692
693,Ruta Desconocida,693
694,Ruta Desconocida,694
695,Ruta Desconocida,695
696,Ruta Desconocida,696
697,Ruta Desconocida,697
698,Ruta Desconocida,698
699,Ruta Desconocida,699
700,Ruta Desconocida,700
701,Ruta Desconocida,701
702,Ruta Desconocida,702
703,Ruta Desconocida,703
704,Ruta Desconocida,704
705,Ruta Desconocida,705
706,Ruta Desconocida,706
707,Ruta Desconocida,707
708,Ruta Desconocida,708
709,Ruta Desconocida,709
710,Ruta Desconocida,710
711,Ruta Desconocida,711
712,Ruta Desconocida,712
713,Ruta Desconocida,713
714,Ruta Desconocida,714
715,Ruta Desconocida,715
716,Ruta Desconocida,716
717,Ruta Desconocida,717
718,Ruta Desconocida,718
719,Ruta Desconocida,719
720,Ruta Desconocida,720
721,Ruta Desconocida,721
722,Ruta Desconocida,722
723,Ruta Desconocida,723
724,Ruta Desconocida,724
725,Ruta Desconocida,725
726,Ruta Desconocida,726
727,Ruta Desconocida,727
728,Ruta Desconocida,728
729,Ruta Desconocida,729
730,Ruta Desconocida,730
731,Ruta Desconocida,731
732,Ruta Desconocida,732
733,Ruta Desconocida,733
734,Ruta Desconocida,734
735,Ruta Desconocida,735
736,Ruta Desconocida,736
737,Ruta Desconocida,737
738,Ruta Desconocida,738
739,Ruta Desconocida,739
740,Ruta Desconocida,740
741,Ruta Desconocida,741
742,Ruta Desconocida,742
743,Ruta Desconocida,743
744,Ruta Desconocida,744
745,Ruta Desconocida,745
746,Ruta Desconocida,746
747,Ruta Desconocida,747
748,Ruta Desconocida,748
749,Ruta Desconocida,749
750,Ruta Desconocida,750
751,Ruta Desconocida,751
752,Ruta Desconocida,752
753,Ruta Desconocida,753
754,Ruta Desconocida,754
755,Ruta Desconocida,755
756,Ruta Desconocida,756
757,Ruta Desconocida,757
758,Ruta Desconocida,758
759,Ruta Desconocida,759
760,Ruta Desconocida,760
761,Ruta Desconocida,761
762,Ruta Desconocida,762
763,Ruta Desconocida,763
764,Ruta Desconocida,764
765,Ruta Desconocida,765
766,Ruta Desconocida,766
767,Ruta Desconocida,767
768,Ruta Desconocida,768
769,Ruta Desconocida,769
770,Ruta Desconocida,770
771,Ruta Desconocida,771
772,Ruta Desconocida,772
773,Ruta Desconocida,773
774,Ruta Desconocida,774
775,Ruta Desconocida,775
776,Ruta Desconocida,776
777,Ruta Desconocida,777
778,Ruta Desconocida,778
779,Ruta Desconocida,779
780,Ruta Desconocida,780
781,Ruta Desconocida,781
782,Ruta Desconocida,782
783,Ruta Desconocida,783
784,Ruta Desconocida,784
785,Ruta Desconocida,785
786,Ruta Desconocida,786
787,Ruta Desconocida,787
788,Ruta Desconocida,788
789,Ruta Desconocida,789
790,Ruta Desconocida,790
791,Ruta Desconocida,791
792,Ruta Desconocida,792
793,Ruta Desconocida,793
794,Ruta Desconocida,794
795,Ruta Desconocida,795
796,Ruta Desconocida,796
797,Ruta Desconocida,797
798,Ruta Desconocida,798
799,Ruta Desconocida,799
800,Ruta Desconocida,800
801,Ruta Desconocida,801
802,Ruta Desconocida,802
803,Ruta Desconocida,803
804,Ruta Desconocida,804
805,Ruta Desconocida,805
806,Ruta Desconocida,806
807,Ruta Desconocida,807
808,Ruta Desconocida,808
809,Ruta Desconocida,809
810,Ruta Desconocida,810
811,Ruta Desconocida,811
812,Ruta Desconocida,812
813,Ruta Desconocida,813
814,Ruta Desconocida,814
815,Ruta Desconocida,815
816,Ruta Desconocida,816
817,Ruta Desconocida,817
818,Ruta Desconocida,818
819,Ruta Desconocida,819
820,Ruta Desconocida,820
821,Ruta Desconocida,821
822,Ruta Desconocida,822
823,Ruta Desconocida,823
824,Ruta Desconocida,824
825,Ruta Desconocida,825
826,Ruta Desconocida,826
827,Ruta Desconocida,827
828,Ruta Desconocida,828
829,Ruta Desconocida,829
830,Ruta Desconocida,830
831,Ruta Desconocida,831
832,Ruta Desconocida,832
833,Ruta Desconocida,833
834,Ruta Desconocida,834
835,Ruta Desconocida,835
836,Ruta Desconocida,836
837,Ruta Desconocida,837
838,Ruta Desconocida,838
839,Ruta Desconocida,839
840,Ruta Desconocida,840
841,Ruta Desconocida,841
842,Ruta Desconocida,842
843,Ruta Desconocida,843
844,Ruta Desconocida,844
845,Ruta Desconocida,845
846,Ruta Desconocida,846
847,Ruta Desconocida,847
848,Ruta Desconocida,848
849,Ruta Desconocida,849
850,Ruta Desconocida,850
851,Ruta Desconocida,851
852,Ruta Desconocida,852
853,Ruta Desconocida,853
854,Ruta Desconocida,854
855,Ruta Desconocida,855
856,Ruta Desconocida,856
857,Ruta Desconocida,857
858,Ruta Desconocida,858
859,Ruta Desconocida,859
860,Ruta Desconocida,860
861,Ruta Desconocida,861
862,Ruta Desconocida,862
863,Ruta Desconocida,863
864,Ruta Desconocida,864
865,Ruta Desconocida,865
866,Ruta Desconocida,866
867,Ruta Desconocida,867
868,Ruta Desconocida,868
869,Ruta Desconocida,869
870,Ruta Desconocida,870
871,Ruta Desconocida,871
872,Ruta Desconocida,872
873,Ruta Desconocida,873
874,Ruta Desconocida,874
875,Ruta Desconocida,875
876,Ruta Desconocida,876
877,Ruta Desconocida,877
878,Ruta Desconocida,878
879,Ruta Desconocida,879
880,Ruta Desconocida,880
881,Ruta Desconocida,881
882,Ruta Desconocida,882
883,Ruta Desconocida,883
884,Ruta Desconocida,884
885,Ruta Desconocida,885
886,Ruta Desconocida,886
887,Ruta Desconocida,887
888,Ruta Desconocida,888
889,Ruta Desconocida,889
890,Ruta Desconocida,890
891,Ruta Desconocida,891
892,Ruta Desconocida,892
893,Ruta Desconocida,893
894,Ruta Desconocida,894
895,Ruta Desconocida,895
896,Ruta Desconocida,896
897,Ruta Desconocida,897
898,Ruta Desconocida,898
899,Ruta Desconocida,899
900,Ruta Desconocida,900
901,Ruta Desconocida,901
902,Ruta Desconocida,902
903,Ruta Desconocida,903
904,Ruta Desconocida,904
905,Ruta Desconocida,905
906,Ruta Desconocida,906